Stationsnamn;MD-MVM Id;EU id;Stationskoordinat N/X;Stationskoordinat E/Y;Provplatskoordinat N/X;Provplatskoordinat E/Y;Koordinatsystem;Provtagningsmedium;Program;Delprogram;Projekt;Län;Kommun;MS_CD C2;MS_CD C3;ProvId;Provdatum;Provtagningsår;Provtagningsmånad;Provtagningsdag;Min provdjup (m);Max provdjup (m);Undersökningstyp;Provkommentar;Value;Unit
Nyköpingsån Spånga;23;SE652370-156442;6522776;610872;6520892;611899;SWEREF 99 TM;Vattendrag;Sötvatten;NMÖ;Flodmynningar;Södermanlands län;Nyköping;WA54398072;WA54398072;382939;2016-01-13;2016;1;13;0,10;0,10;;;35;µg/l
Nyköpingsån Spånga;23;SE652370-156442;6522776;610872;6520892;611899;SWEREF 99 TM;Vattendrag;Sötvatten;NMÖ;Flodmynningar;Södermanlands län;Nyköping;WA54398072;WA54398072;383513;2016-02-16;2016;2;16;0,50;0,50;;;1,3;µg/l
Nyköpingsån Spånga;23;SE652370-156442;6522776;610872;6520892;611899;SWEREF 99 TM;Vattendrag;Sötvatten;NMÖ;Flodmynningar;Södermanlands län;Nyköping;WA54398072;WA54398072;446724;2016-03-16;2016;3;16;0,50;0,50;;;1,4;µg/l
Nyköpingsån Spånga;23;SE652370-156442;6522776;610872;6520892;611899;SWEREF 99 TM;Vattendrag;Sötvatten;NMÖ;Flodmynningar;Södermanlands län;Nyköping;WA54398072;WA54398072;478253;2016-04-13;2016;4;13;0,50;0,50;;;1,3;µg/l
Nyköpingsån Spånga;23;SE652370-156442;6522776;610872;6520892;611899;SWEREF 99 TM;Vattendrag;Sötvatten;NMÖ;Flodmynningar;Södermanlands län;Nyköping;WA54398072;WA54398072;500340;2016-05-11;2016;5;11;0,10;0,10;;;3;µg/l
Nyköpingsån Spånga;23;SE652370-156442;6522776;610872;6520892;611899;SWEREF 99 TM;Vattendrag;Sötvatten;NMÖ;Flodmynningar;Södermanlands län;Nyköping;WA54398072;WA54398072;500917;2016-06-15;2016;6;15;0,10;0,10;;;1,8;µg/l
Nyköpingsån Spånga;23;SE652370-156442;6522776;610872;6520892;611899;SWEREF 99 TM;Vattendrag;Sötvatten;NMÖ;Flodmynningar;Södermanlands län;Nyköping;WA54398072;WA54398072;515928;2016-07-12;2016;7;12;0,10;0,10;;;6,1;µg/l
Nyköpingsån Spånga;23;SE652370-156442;6522776;610872;6520892;611899;SWEREF 99 TM;Vattendrag;Sötvatten;NMÖ;Flodmynningar;Södermanlands län;Nyköping;WA54398072;WA54398072;524386;2016-08-10;2016;8;10;0,20;0,20;;Hämtaren är på lagning, tar provet ca 20 m uppströms på en utskjutande udde.;0,87;µg/l
Nyköpingsån Spånga;23;SE652370-156442;6522776;610872;6520892;611899;SWEREF 99 TM;Vattendrag;Sötvatten;NMÖ;Flodmynningar;Södermanlands län;Nyköping;WA54398072;WA54398072;543527;2016-09-15;2016;9;15;0,50;0,50;;;0,58;µg/l
Nyköpingsån Spånga;23;SE652370-156442;6522776;610872;6520892;611899;SWEREF 99 TM;Vattendrag;Sötvatten;NMÖ;Flodmynningar;Södermanlands län;Nyköping;WA54398072;WA54398072;543733;2016-10-12;2016;10;12;0,10;0,10;;;0,7;µg/l
Nyköpingsån Spånga;23;SE652370-156442;6522776;610872;6520892;611899;SWEREF 99 TM;Vattendrag;Sötvatten;NMÖ;Flodmynningar;Södermanlands län;Nyköping;WA54398072;WA54398072;549521;2016-11-16;2016;11;16;0,10;0,10;;;1,3;µg/l
Nyköpingsån Spånga;23;SE652370-156442;6522776;610872;6520892;611899;SWEREF 99 TM;Vattendrag;Sötvatten;NMÖ;Flodmynningar;Södermanlands län;Nyköping;WA54398072;WA54398072;556807;2016-12-13;2016;12;13;0,50;0,50;;;0,75;µg/l
Nyköpingsån Spånga;23;SE652370-156442;6522776;610872;6520892;611899;SWEREF 99 TM;Vattendrag;Sötvatten;NMÖ;Flodmynningar;Södermanlands län;Nyköping;WA54398072;WA54398072;589028;2017-01-19;2017;1;19;0,50;0,50;;;2,2;µg/l
Nyköpingsån Spånga;23;SE652370-156442;6522776;610872;6520892;611899;SWEREF 99 TM;Vattendrag;Sötvatten;NMÖ;Flodmynningar;Södermanlands län;Nyköping;WA54398072;WA54398072;607696;2017-02-15;2017;2;15;0,10;0,10;;;0,98;µg/l
Nyköpingsån Spånga;23;SE652370-156442;6522776;610872;6520892;611899;SWEREF 99 TM;Vattendrag;Sötvatten;NMÖ;Flodmynningar;Södermanlands län;Nyköping;WA54398072;WA54398072;624453;2017-03-15;2017;3;15;0,10;0,10;;Mkt skräp vid provtagningsplatsen (flytande) bla 5 st bildäck.;1;µg/l
Nyköpingsån Spånga;23;SE652370-156442;6522776;610872;6520892;611899;SWEREF 99 TM;Vattendrag;Sötvatten;NMÖ;Flodmynningar;Södermanlands län;Nyköping;WA54398072;WA54398072;627629;2017-04-12;2017;4;12;0,50;0,50;;Vattennivån ca +0,5 - 1m;1,1;µg/l
Nyköpingsån Spånga;23;SE652370-156442;6522776;610872;6520892;611899;SWEREF 99 TM;Vattendrag;Sötvatten;NMÖ;Flodmynningar;Södermanlands län;Nyköping;WA54398072;WA54398072;651019;2017-05-17;2017;5;17;0,10;0,10;;;1,2;µg/l
Nyköpingsån Spånga;23;SE652370-156442;6522776;610872;6520892;611899;SWEREF 99 TM;Vattendrag;Sötvatten;NMÖ;Flodmynningar;Södermanlands län;Nyköping;WA54398072;WA54398072;651457;2017-06-14;2017;6;14;0,10;0,10;;mkt pollen på vy vid provt.plats;0,87;µg/l
Nyköpingsån Spånga;23;SE652370-156442;6522776;610872;6520892;611899;SWEREF 99 TM;Vattendrag;Sötvatten;NMÖ;Flodmynningar;Södermanlands län;Nyköping;WA54398072;WA54398072;666656;2017-07-12;2017;7;12;0,10;0,10;Vattenkemi i vattendrag;;0,93;µg/l
Nyköpingsån Spånga;23;SE652370-156442;6522776;610872;6520892;611899;SWEREF 99 TM;Vattendrag;Sötvatten;NMÖ;Flodmynningar;Södermanlands län;Nyköping;WA54398072;WA54398072;689123;2017-08-16;2017;8;16;0,10;0,10;Vattenkemi i vattendrag;flytande algblomning vid provplats;1,2;µg/l
Nyköpingsån Spånga;23;SE652370-156442;6522776;610872;6520892;611899;SWEREF 99 TM;Vattendrag;Sötvatten;NMÖ;Flodmynningar;Södermanlands län;Nyköping;WA54398072;WA54398072;703565;2017-09-13;2017;9;13;0,10;0,10;Vattenkemi i vattendrag;;0,95;µg/l
Nyköpingsån Spånga;23;SE652370-156442;6522776;610872;6520892;611899;SWEREF 99 TM;Vattendrag;Sötvatten;NMÖ;Flodmynningar;Södermanlands län;Nyköping;WA54398072;WA54398072;704049;2017-10-19;2017;10;19;0,50;0,50;Vattenkemi i vattendrag;;0,76;µg/l
Nyköpingsån Spånga;23;SE652370-156442;6522776;610872;6520892;611899;SWEREF 99 TM;Vattendrag;Sötvatten;NMÖ;Flodmynningar;Södermanlands län;Nyköping;WA54398072;WA54398072;707354;2017-11-16;2017;11;16;0,10;0,10;Vattenkemi i vattendrag;;0,93;µg/l
Nyköpingsån Spånga;23;SE652370-156442;6522776;610872;6520892;611899;SWEREF 99 TM;Vattendrag;Sötvatten;NMÖ;Flodmynningar;Södermanlands län;Nyköping;WA54398072;WA54398072;708865;2017-12-12;2017;12;12;0,50;0,50;Vattenkemi i vattendrag;vattenstånd +1m;1,4;µg/l
Nyköpingsån Spånga;23;SE652370-156442;6522776;610872;6520892;611899;SWEREF 99 TM;Vattendrag;Sötvatten;NMÖ;Flodmynningar;Södermanlands län;Nyköping;WA54398072;WA54398072;716893;2018-01-24;2018;1;24;0,10;0,10;Vattenkemi i vattendrag;;1,2;µg/l
Nyköpingsån Spånga;23;SE652370-156442;6522776;610872;6520892;611899;SWEREF 99 TM;Vattendrag;Sötvatten;NMÖ;Flodmynningar;Södermanlands län;Nyköping;WA54398072;WA54398072;720555;2018-02-19;2018;2;19;0,10;0,10;Vattenkemi i vattendrag;;1,4;µg/l
Nyköpingsån Spånga;23;SE652370-156442;6522776;610872;6520892;611899;SWEREF 99 TM;Vattendrag;Sötvatten;NMÖ;Flodmynningar;Södermanlands län;Nyköping;WA54398072;WA54398072;725256;2018-03-19;2018;3;19;0,50;0,50;Vattenkemi i vattendrag;;1,3;µg/l
Nyköpingsån Spånga;23;SE652370-156442;6522776;610872;6520892;611899;SWEREF 99 TM;Vattendrag;Sötvatten;NMÖ;Flodmynningar;Södermanlands län;Nyköping;WA54398072;WA54398072;730682;2018-04-17;2018;4;17;0,10;0,10;Vattenkemi i vattendrag;;1,4;µg/l
Nyköpingsån Spånga;23;SE652370-156442;6522776;610872;6520892;611899;SWEREF 99 TM;Vattendrag;Sötvatten;NMÖ;Flodmynningar;Södermanlands län;Nyköping;WA54398072;WA54398072;735531;2018-05-16;2018;5;16;0,10;0,10;Vattenkemi i vattendrag;;1,5;µg/l
Nyköpingsån Spånga;23;SE652370-156442;6522776;610872;6520892;611899;SWEREF 99 TM;Vattendrag;Sötvatten;NMÖ;Flodmynningar;Södermanlands län;Nyköping;WA54398072;WA54398072;736579;2018-06-13;2018;6;13;0,50;0,50;Vattenkemi i vattendrag;Flöde Pegel 10cm +;0,99;µg/l
Nyköpingsån Spånga;23;SE652370-156442;6522776;610872;6520892;611899;SWEREF 99 TM;Vattendrag;Sötvatten;NMÖ;Flodmynningar;Södermanlands län;Nyköping;WA54398072;WA54398072;748435;2018-07-09;2018;7;9;0,50;0,50;Vattenkemi i vattendrag;;0,79;µg/l
Nyköpingsån Spånga;23;SE652370-156442;6522776;610872;6520892;611899;SWEREF 99 TM;Vattendrag;Sötvatten;NMÖ;Flodmynningar;Södermanlands län;Nyköping;WA54398072;WA54398072;751496;2018-08-07;2018;8;7;0,50;0,50;Vattenkemi i vattendrag;;0,47;µg/l
Nyköpingsån Spånga;23;SE652370-156442;6522776;610872;6520892;611899;SWEREF 99 TM;Vattendrag;Sötvatten;NMÖ;Flodmynningar;Södermanlands län;Nyköping;WA54398072;WA54398072;756629;2018-09-17;2018;9;17;0,50;0,50;Vattenkemi i vattendrag;;0,38;µg/l
Nyköpingsån Spånga;23;SE652370-156442;6522776;610872;6520892;611899;SWEREF 99 TM;Vattendrag;Sötvatten;NMÖ;Flodmynningar;Södermanlands län;Nyköping;WA54398072;WA54398072;758731;2018-10-16;2018;10;16;0,50;0,50;Vattenkemi i vattendrag;;0,34;µg/l
Nyköpingsån Spånga;23;SE652370-156442;6522776;610872;6520892;611899;SWEREF 99 TM;Vattendrag;Sötvatten;NMÖ;Flodmynningar;Södermanlands län;Nyköping;WA54398072;WA54398072;763605;2018-11-14;2018;11;14;0,50;0,50;Vattenkemi i vattendrag;;0,36;µg/l
Nyköpingsån Spånga;23;SE652370-156442;6522776;610872;6520892;611899;SWEREF 99 TM;Vattendrag;Sötvatten;NMÖ;Flodmynningar;Södermanlands län;Nyköping;WA54398072;WA54398072;764781;2018-12-12;2018;12;12;0,50;0,50;Vattenkemi i vattendrag;;0,43;µg/l
Nyköpingsån Spånga;23;SE652370-156442;6522776;610872;6520892;611899;SWEREF 99 TM;Vattendrag;Sötvatten;NMÖ;Flodmynningar;Södermanlands län;Nyköping;WA54398072;WA54398072;771868;2019-01-16;2019;1;16;0,50;0,50;Vattenkemi i vattendrag;Kond 19,7;0,47;µg/l
Nyköpingsån Spånga;23;SE652370-156442;6522776;610872;6520892;611899;SWEREF 99 TM;Vattendrag;Sötvatten;NMÖ;Flodmynningar;Södermanlands län;Nyköping;WA54398072;WA54398072;772012;2019-02-13;2019;2;13;0,50;0,50;Vattenkemi i vattendrag;;0,6;µg/l
Nyköpingsån Spånga;23;SE652370-156442;6522776;610872;6520892;611899;SWEREF 99 TM;Vattendrag;Sötvatten;NMÖ;Flodmynningar;Södermanlands län;Nyköping;WA54398072;WA54398072;776435;2019-03-12;2019;3;12;0,50;0,50;Vattenkemi i vattendrag;;0,77;µg/l
Nyköpingsån Spånga;23;SE652370-156442;6522776;610872;6520892;611899;SWEREF 99 TM;Vattendrag;Sötvatten;NMÖ;Flodmynningar;Södermanlands län;Nyköping;WA54398072;WA54398072;777262;2019-04-16;2019;4;16;0,50;0,50;Vattenkemi i vattendrag;;0,85;µg/l
Nyköpingsån Spånga;23;SE652370-156442;6522776;610872;6520892;611899;SWEREF 99 TM;Vattendrag;Sötvatten;NMÖ;Flodmynningar;Södermanlands län;Nyköping;WA54398072;WA54398072;785946;2019-05-15;2019;5;15;0,50;0,50;Vattenkemi i vattendrag;;0,87;µg/l
Nyköpingsån Spånga;23;SE652370-156442;6522776;610872;6520892;611899;SWEREF 99 TM;Vattendrag;Sötvatten;NMÖ;Flodmynningar;Södermanlands län;Nyköping;WA54398072;WA54398072;786520;2019-06-12;2019;6;12;0,50;0,50;Vattenkemi i vattendrag;;0,79;µg/l
Nyköpingsån Spånga;23;SE652370-156442;6522776;610872;6520892;611899;SWEREF 99 TM;Vattendrag;Sötvatten;NMÖ;Flodmynningar;Södermanlands län;Nyköping;WA54398072;WA54398072;789668;2019-07-16;2019;7;16;0,50;0,50;Vattenkemi i vattendrag;;0,65;µg/l
Nyköpingsån Spånga;23;SE652370-156442;6522776;610872;6520892;611899;SWEREF 99 TM;Vattendrag;Sötvatten;NMÖ;Flodmynningar;Södermanlands län;Nyköping;WA54398072;WA54398072;789734;2019-08-13;2019;8;13;0,50;0,50;Vattenkemi i vattendrag;;0,61;µg/l
Nyköpingsån Spånga;23;SE652370-156442;6522776;610872;6520892;611899;SWEREF 99 TM;Vattendrag;Sötvatten;NMÖ;Flodmynningar;Södermanlands län;Nyköping;WA54398072;WA54398072;796681;2019-09-17;2019;9;17;0,50;0,50;Vattenkemi i vattendrag;;0,51;µg/l
Nyköpingsån Spånga;23;SE652370-156442;6522776;610872;6520892;611899;SWEREF 99 TM;Vattendrag;Sötvatten;NMÖ;Flodmynningar;Södermanlands län;Nyköping;WA54398072;WA54398072;817152;2019-10-16;2019;10;16;0,50;0,50;Vattenkemi i vattendrag;;0,44;µg/l
Nyköpingsån Spånga;23;SE652370-156442;6522776;610872;6520892;611899;SWEREF 99 TM;Vattendrag;Sötvatten;NMÖ;Flodmynningar;Södermanlands län;Nyköping;WA54398072;WA54398072;822366;2019-11-13;2019;11;13;0,50;0,50;Vattenkemi i vattendrag;;0,48;µg/l
Nyköpingsån Spånga;23;SE652370-156442;6522776;610872;6520892;611899;SWEREF 99 TM;Vattendrag;Sötvatten;NMÖ;Flodmynningar;Södermanlands län;Nyköping;WA54398072;WA54398072;822697;2019-12-17;2019;12;17;0,50;0,50;Vattenkemi i vattendrag;Mycket hög syre halt. 127 %. Instrumentet är ok.;0,88;µg/l
Nyköpingsån Spånga;23;SE652370-156442;6522776;610872;6520892;611899;SWEREF 99 TM;Vattendrag;Sötvatten;NMÖ;Flodmynningar;Södermanlands län;Nyköping;WA54398072;WA54398072;829975;2020-01-14;2020;1;14;0,50;0,50;Vattenkemi i vattendrag;Konduktivitet 17,2;1,1;µg/l
Nyköpingsån Spånga;23;SE652370-156442;6522776;610872;6520892;611899;SWEREF 99 TM;Vattendrag;Sötvatten;NMÖ;Flodmynningar;Södermanlands län;Nyköping;WA54398072;WA54398072;830016;2020-02-12;2020;2;12;0,50;0,50;Vattenkemi i vattendrag;kond 16,7;1;µg/l
Alsterån Getebro;44;SE632033-152167;6318978;570563;6318968;570581;SWEREF 99 TM;Vattendrag;Sötvatten;NMÖ;Flodmynningar;Kalmar län;Högsby;WA81275650;WA81275650;382938;2016-01-13;2016;1;13;0,50;0,50;;;1,2;µg/l
Alsterån Getebro;44;SE632033-152167;6318978;570563;6318968;570581;SWEREF 99 TM;Vattendrag;Sötvatten;NMÖ;Flodmynningar;Kalmar län;Högsby;WA81275650;WA81275650;383189;2016-02-14;2016;2;14;0,50;0,50;;;1,1;µg/l
Alsterån Getebro;44;SE632033-152167;6318978;570563;6318968;570581;SWEREF 99 TM;Vattendrag;Sötvatten;NMÖ;Flodmynningar;Kalmar län;Högsby;WA81275650;WA81275650;446444;2016-03-14;2016;3;14;0,50;0,50;;;1,3;µg/l
Alsterån Getebro;44;SE632033-152167;6318978;570563;6318968;570581;SWEREF 99 TM;Vattendrag;Sötvatten;NMÖ;Flodmynningar;Kalmar län;Högsby;WA81275650;WA81275650;470888;2016-04-18;2016;4;18;0,50;0,50;;;1,3;µg/l
Alsterån Getebro;44;SE632033-152167;6318978;570563;6318968;570581;SWEREF 99 TM;Vattendrag;Sötvatten;NMÖ;Flodmynningar;Kalmar län;Högsby;WA81275650;WA81275650;500382;2016-05-15;2016;5;15;0,50;0,50;;;1,1;µg/l
Alsterån Getebro;44;SE632033-152167;6318978;570563;6318968;570581;SWEREF 99 TM;Vattendrag;Sötvatten;NMÖ;Flodmynningar;Kalmar län;Högsby;WA81275650;WA81275650;500911;2016-06-14;2016;6;14;0,50;0,50;;;1,1;µg/l
Alsterån Getebro;44;SE632033-152167;6318978;570563;6318968;570581;SWEREF 99 TM;Vattendrag;Sötvatten;NMÖ;Flodmynningar;Kalmar län;Högsby;WA81275650;WA81275650;516091;2016-07-17;2016;7;17;0,50;0,50;;flöde 1,2 kubikmeter/sekund;1;µg/l
Alsterån Getebro;44;SE632033-152167;6318978;570563;6318968;570581;SWEREF 99 TM;Vattendrag;Sötvatten;NMÖ;Flodmynningar;Kalmar län;Högsby;WA81275650;WA81275650;524483;2016-08-14;2016;8;14;0,50;0,50;;flöde 0,55 m3/s;1,1;µg/l
Alsterån Getebro;44;SE632033-152167;6318978;570563;6318968;570581;SWEREF 99 TM;Vattendrag;Sötvatten;NMÖ;Flodmynningar;Kalmar län;Högsby;WA81275650;WA81275650;543413;2016-09-13;2016;9;13;0,50;0,50;;flöde 0,5 m3/s;0,99;µg/l
Alsterån Getebro;44;SE632033-152167;6318978;570563;6318968;570581;SWEREF 99 TM;Vattendrag;Sötvatten;NMÖ;Flodmynningar;Kalmar län;Högsby;WA81275650;WA81275650;543796;2016-10-16;2016;10;16;0,50;0,50;;Vattenföring 0,47 m3/s;0,79;µg/l
Alsterån Getebro;44;SE632033-152167;6318978;570563;6318968;570581;SWEREF 99 TM;Vattendrag;Sötvatten;NMÖ;Flodmynningar;Kalmar län;Högsby;WA81275650;WA81275650;549388;2016-11-13;2016;11;13;0,50;0,50;;Flöde 12,5 m3/s;1,7;µg/l
Alsterån Getebro;44;SE632033-152167;6318978;570563;6318968;570581;SWEREF 99 TM;Vattendrag;Sötvatten;NMÖ;Flodmynningar;Kalmar län;Högsby;WA81275650;WA81275650;556818;2016-12-14;2016;12;14;0,50;0,50;;18 m3/s;1,4;µg/l
Alsterån Getebro;44;SE632033-152167;6318978;570563;6318968;570581;SWEREF 99 TM;Vattendrag;Sötvatten;NMÖ;Flodmynningar;Kalmar län;Högsby;WA81275650;WA81275650;588928;2017-01-15;2017;1;15;0,50;0,50;;Flöde 10,4 m3/s;1,5;µg/l
Alsterån Getebro;44;SE632033-152167;6318978;570563;6318968;570581;SWEREF 99 TM;Vattendrag;Sötvatten;NMÖ;Flodmynningar;Kalmar län;Högsby;WA81275650;WA81275650;607686;2017-02-15;2017;2;15;0,50;0,50;;Flöde 8,1m3/s;1,8;µg/l
Alsterån Getebro;44;SE632033-152167;6318978;570563;6318968;570581;SWEREF 99 TM;Vattendrag;Sötvatten;NMÖ;Flodmynningar;Kalmar län;Högsby;WA81275650;WA81275650;624448;2017-03-14;2017;3;14;0,50;0,50;;Flöde 10,9 m3/s;1,4;µg/l
Alsterån Getebro;44;SE632033-152167;6318978;570563;6318968;570581;SWEREF 99 TM;Vattendrag;Sötvatten;NMÖ;Flodmynningar;Kalmar län;Högsby;WA81275650;WA81275650;627639;2017-04-17;2017;4;17;0,50;0,50;;Flöde 9,3 m3/s;1,6;µg/l
Alsterån Getebro;44;SE632033-152167;6318978;570563;6318968;570581;SWEREF 99 TM;Vattendrag;Sötvatten;NMÖ;Flodmynningar;Kalmar län;Högsby;WA81275650;WA81275650;650832;2017-05-14;2017;5;14;0,50;0,50;;4,3 m3/s;1,5;µg/l
Alsterån Getebro;44;SE632033-152167;6318978;570563;6318968;570581;SWEREF 99 TM;Vattendrag;Sötvatten;NMÖ;Flodmynningar;Kalmar län;Högsby;WA81275650;WA81275650;651202;2017-06-12;2017;6;12;0,50;0,50;;flöde 1,8 m3/s;1,4;µg/l
Alsterån Getebro;44;SE632033-152167;6318978;570563;6318968;570581;SWEREF 99 TM;Vattendrag;Sötvatten;NMÖ;Flodmynningar;Kalmar län;Högsby;WA81275650;WA81275650;666694;2017-07-16;2017;7;16;0,50;0,50;Vattenkemi i vattendrag;Flöde 1,2 m3/s;1,1;µg/l
Alsterån Getebro;44;SE632033-152167;6318978;570563;6318968;570581;SWEREF 99 TM;Vattendrag;Sötvatten;NMÖ;Flodmynningar;Kalmar län;Högsby;WA81275650;WA81275650;689015;2017-08-13;2017;8;13;0,50;0,50;Vattenkemi i vattendrag;0,5 m3/s flöde;0,84;µg/l
Alsterån Getebro;44;SE632033-152167;6318978;570563;6318968;570581;SWEREF 99 TM;Vattendrag;Sötvatten;NMÖ;Flodmynningar;Kalmar län;Högsby;WA81275650;WA81275650;703571;2017-09-13;2017;9;13;0,50;0,50;Vattenkemi i vattendrag;Flöde 0,75 m3/s;1,4;µg/l
Alsterån Getebro;44;SE632033-152167;6318978;570563;6318968;570581;SWEREF 99 TM;Vattendrag;Sötvatten;NMÖ;Flodmynningar;Kalmar län;Högsby;WA81275650;WA81275650;704157;2017-10-15;2017;10;15;0,50;0,50;Vattenkemi i vattendrag;Flöde 4,0 m3/s;1,2;µg/l
Alsterån Getebro;44;SE632033-152167;6318978;570563;6318968;570581;SWEREF 99 TM;Vattendrag;Sötvatten;NMÖ;Flodmynningar;Kalmar län;Högsby;WA81275650;WA81275650;707155;2017-11-13;2017;11;13;0,50;0,50;Vattenkemi i vattendrag;Flöde: 11,9 m3/s;1,2;µg/l
Alsterån Getebro;44;SE632033-152167;6318978;570563;6318968;570581;SWEREF 99 TM;Vattendrag;Sötvatten;NMÖ;Flodmynningar;Kalmar län;Högsby;WA81275650;WA81275650;708835;2017-12-18;2017;12;18;0,50;0,50;Vattenkemi i vattendrag;flöde 20m3/s;1,2;µg/l
Alsterån Getebro;44;SE632033-152167;6318978;570563;6318968;570581;SWEREF 99 TM;Vattendrag;Sötvatten;NMÖ;Flodmynningar;Kalmar län;Högsby;WA81275650;WA81275650;716883;2018-01-15;2018;1;15;0,50;0,50;Vattenkemi i vattendrag;34 m3/s;1,5;µg/l
Alsterån Getebro;44;SE632033-152167;6318978;570563;6318968;570581;SWEREF 99 TM;Vattendrag;Sötvatten;NMÖ;Flodmynningar;Kalmar län;Högsby;WA81275650;WA81275650;720554;2018-02-18;2018;2;18;0,50;0,50;Vattenkemi i vattendrag;Flöde 30/m3S;1,5;µg/l
Alsterån Getebro;44;SE632033-152167;6318978;570563;6318968;570581;SWEREF 99 TM;Vattendrag;Sötvatten;NMÖ;Flodmynningar;Kalmar län;Högsby;WA81275650;WA81275650;725228;2018-03-15;2018;3;15;0,50;0,50;Vattenkemi i vattendrag;Vattenföring 16,4 m3/s;1,6;µg/l
Alsterån Getebro;44;SE632033-152167;6318978;570563;6318968;570581;SWEREF 99 TM;Vattendrag;Sötvatten;NMÖ;Flodmynningar;Kalmar län;Högsby;WA81275650;WA81275650;730554;2018-04-15;2018;4;15;0,50;0,50;Vattenkemi i vattendrag;Flöde 22 m3/S;1,5;µg/l
Alsterån Getebro;44;SE632033-152167;6318978;570563;6318968;570581;SWEREF 99 TM;Vattendrag;Sötvatten;NMÖ;Flodmynningar;Kalmar län;Högsby;WA81275650;WA81275650;735581;2018-05-15;2018;5;15;0,50;0,50;Vattenkemi i vattendrag;10,5 m3/s;1,5;µg/l
Alsterån Getebro;44;SE632033-152167;6318978;570563;6318968;570581;SWEREF 99 TM;Vattendrag;Sötvatten;NMÖ;Flodmynningar;Kalmar län;Högsby;WA81275650;WA81275650;736584;2018-06-13;2018;6;13;0,50;0,50;Vattenkemi i vattendrag;Flöde 2m3/s;1,4;µg/l
Alsterån Getebro;44;SE632033-152167;6318978;570563;6318968;570581;SWEREF 99 TM;Vattendrag;Sötvatten;NMÖ;Flodmynningar;Kalmar län;Högsby;WA81275650;WA81275650;748511;2018-07-16;2018;7;16;0,50;0,50;Vattenkemi i vattendrag;Flöde 0,41 m3/s. Det lägsta flöde jag noterat under 45 år som tillsysnman vid SMHI spegel;1,3;µg/l
Alsterån Getebro;44;SE632033-152167;6318978;570563;6318968;570581;SWEREF 99 TM;Vattendrag;Sötvatten;NMÖ;Flodmynningar;Kalmar län;Högsby;WA81275650;WA81275650;751498;2018-08-14;2018;8;14;0,50;0,50;Vattenkemi i vattendrag;130 liter/s Lägsta nivån sedan år 1921. Alla biflöden är torrlagda. Löven ligger kvar i vattnet vid Getebro där vattenprovet tas, ingen ström.;1,2;µg/l
Alsterån Getebro;44;SE632033-152167;6318978;570563;6318968;570581;SWEREF 99 TM;Vattendrag;Sötvatten;NMÖ;Flodmynningar;Kalmar län;Högsby;WA81275650;WA81275650;756620;2018-09-16;2018;9;16;0,50;0,50;Vattenkemi i vattendrag;;0,94;µg/l
Alsterån Getebro;44;SE632033-152167;6318978;570563;6318968;570581;SWEREF 99 TM;Vattendrag;Sötvatten;NMÖ;Flodmynningar;Kalmar län;Högsby;WA81275650;WA81275650;758735;2018-10-14;2018;10;14;0,50;0,50;Vattenkemi i vattendrag;flöde 0,60 m3/s;0,88;µg/l
Alsterån Getebro;44;SE632033-152167;6318978;570563;6318968;570581;SWEREF 99 TM;Vattendrag;Sötvatten;NMÖ;Flodmynningar;Kalmar län;Högsby;WA81275650;WA81275650;763773;2018-11-14;2018;11;14;0,50;0,50;Vattenkemi i vattendrag;Flöde: 1,8 m3/s;0,9;µg/l
Alsterån Getebro;44;SE632033-152167;6318978;570563;6318968;570581;SWEREF 99 TM;Vattendrag;Sötvatten;NMÖ;Flodmynningar;Kalmar län;Högsby;WA81275650;WA81275650;764780;2018-12-12;2018;12;12;0,50;0,50;Vattenkemi i vattendrag;Flöde: 5,4 m3/s;1,3;µg/l
Alsterån Getebro;44;SE632033-152167;6318978;570563;6318968;570581;SWEREF 99 TM;Vattendrag;Sötvatten;NMÖ;Flodmynningar;Kalmar län;Högsby;WA81275650;WA81275650;771917;2019-01-15;2019;1;15;0,50;0,50;Vattenkemi i vattendrag;;1,2;µg/l
Alsterån Getebro;44;SE632033-152167;6318978;570563;6318968;570581;SWEREF 99 TM;Vattendrag;Sötvatten;NMÖ;Flodmynningar;Kalmar län;Högsby;WA81275650;WA81275650;772016;2019-02-13;2019;2;13;0,50;0,50;Vattenkemi i vattendrag;Flöde 13,1 m3/s;1,3;µg/l
Alsterån Getebro;44;SE632033-152167;6318978;570563;6318968;570581;SWEREF 99 TM;Vattendrag;Sötvatten;NMÖ;Flodmynningar;Kalmar län;Högsby;WA81275650;WA81275650;776421;2019-03-13;2019;3;13;0,50;0,50;Vattenkemi i vattendrag;flöde 28m3/s;1,4;µg/l
Alsterån Getebro;44;SE632033-152167;6318978;570563;6318968;570581;SWEREF 99 TM;Vattendrag;Sötvatten;NMÖ;Flodmynningar;Kalmar län;Högsby;WA81275650;WA81275650;777294;2019-04-14;2019;4;14;0,50;0,50;Vattenkemi i vattendrag;Flöde: 20m3/s.;1,9;µg/l
Alsterån Getebro;44;SE632033-152167;6318978;570563;6318968;570581;SWEREF 99 TM;Vattendrag;Sötvatten;NMÖ;Flodmynningar;Kalmar län;Högsby;WA81275650;WA81275650;786459;2019-05-14;2019;5;14;0,50;0,50;Vattenkemi i vattendrag;6 m3/s;2;µg/l
Alsterån Getebro;44;SE632033-152167;6318978;570563;6318968;570581;SWEREF 99 TM;Vattendrag;Sötvatten;NMÖ;Flodmynningar;Kalmar län;Högsby;WA81275650;WA81275650;786602;2019-06-16;2019;6;16;0,50;0,50;Vattenkemi i vattendrag;;3;µg/l
Alsterån Getebro;44;SE632033-152167;6318978;570563;6318968;570581;SWEREF 99 TM;Vattendrag;Sötvatten;NMÖ;Flodmynningar;Kalmar län;Högsby;WA81275650;WA81275650;789661;2019-07-14;2019;7;14;0,50;0,50;Vattenkemi i vattendrag;;2,7;µg/l
Alsterån Getebro;44;SE632033-152167;6318978;570563;6318968;570581;SWEREF 99 TM;Vattendrag;Sötvatten;NMÖ;Flodmynningar;Kalmar län;Högsby;WA81275650;WA81275650;789739;2019-08-15;2019;8;15;0,50;0,50;Vattenkemi i vattendrag;;2,6;µg/l
Alsterån Getebro;44;SE632033-152167;6318978;570563;6318968;570581;SWEREF 99 TM;Vattendrag;Sötvatten;NMÖ;Flodmynningar;Kalmar län;Högsby;WA81275650;WA81275650;796680;2019-09-15;2019;9;15;0,50;0,50;Vattenkemi i vattendrag;;2,8;µg/l
Alsterån Getebro;44;SE632033-152167;6318978;570563;6318968;570581;SWEREF 99 TM;Vattendrag;Sötvatten;NMÖ;Flodmynningar;Kalmar län;Högsby;WA81275650;WA81275650;817277;2019-10-13;2019;10;13;0,50;0,50;Vattenkemi i vattendrag;0,101 m3/s;1,8;µg/l
Alsterån Getebro;44;SE632033-152167;6318978;570563;6318968;570581;SWEREF 99 TM;Vattendrag;Sötvatten;NMÖ;Flodmynningar;Kalmar län;Högsby;WA81275650;WA81275650;822389;2019-11-13;2019;11;13;0,50;0,50;Vattenkemi i vattendrag;;4,8;µg/l
Alsterån Getebro;44;SE632033-152167;6318978;570563;6318968;570581;SWEREF 99 TM;Vattendrag;Sötvatten;NMÖ;Flodmynningar;Kalmar län;Högsby;WA81275650;WA81275650;822702;2019-12-15;2019;12;15;0,50;0,50;Vattenkemi i vattendrag;;2,3;µg/l
Alsterån Getebro;44;SE632033-152167;6318978;570563;6318968;570581;SWEREF 99 TM;Vattendrag;Sötvatten;NMÖ;Flodmynningar;Kalmar län;Högsby;WA81275650;WA81275650;830004;2020-01-15;2020;1;15;0,50;0,50;Vattenkemi i vattendrag;19,25 m3/s;2,9;µg/l
Alsterån Getebro;44;SE632033-152167;6318978;570563;6318968;570581;SWEREF 99 TM;Vattendrag;Sötvatten;NMÖ;Flodmynningar;Kalmar län;Högsby;WA81275650;WA81275650;830021;2020-02-16;2020;2;16;0,50;0,50;Vattenkemi i vattendrag;19 m3/s;3,5;µg/l
Ålbergaån, Kila;189;SE651375-154304;6512573;589620;6512605;589873;SWEREF 99 TM;Vattendrag;Sötvatten;NMÖ;Vattendrag trendstationer;Södermanlands län;Nyköping;WA51800039;WA51800039;383515;2016-02-16;2016;2;16;0,50;0,50;;;0,58;µg/l
Ålbergaån, Kila;189;SE651375-154304;6512573;589620;6512605;589873;SWEREF 99 TM;Vattendrag;Sötvatten;NMÖ;Vattendrag trendstationer;Södermanlands län;Nyköping;WA51800039;WA51800039;446708;2016-03-16;2016;3;16;0,50;0,50;;;0,56;µg/l
Ålbergaån, Kila;189;SE651375-154304;6512573;589620;6512605;589873;SWEREF 99 TM;Vattendrag;Sötvatten;NMÖ;Vattendrag trendstationer;Södermanlands län;Nyköping;WA51800039;WA51800039;500337;2016-05-11;2016;5;11;0,10;0,10;;;0,69;µg/l
Ålbergaån, Kila;189;SE651375-154304;6512573;589620;6512605;589873;SWEREF 99 TM;Vattendrag;Sötvatten;NMÖ;Vattendrag trendstationer;Södermanlands län;Nyköping;WA51800039;WA51800039;500909;2016-06-15;2016;6;15;0,10;0,10;;;0,63;µg/l
Ålbergaån, Kila;189;SE651375-154304;6512573;589620;6512605;589873;SWEREF 99 TM;Vattendrag;Sötvatten;NMÖ;Vattendrag trendstationer;Södermanlands län;Nyköping;WA51800039;WA51800039;515940;2016-07-12;2016;7;12;0,10;0,10;;;0,74;µg/l
Ålbergaån, Kila;189;SE651375-154304;6512573;589620;6512605;589873;SWEREF 99 TM;Vattendrag;Sötvatten;NMÖ;Vattendrag trendstationer;Södermanlands län;Nyköping;WA51800039;WA51800039;524445;2016-08-10;2016;8;10;0,10;0,10;;;0,5;µg/l
Ålbergaån, Kila;189;SE651375-154304;6512573;589620;6512605;589873;SWEREF 99 TM;Vattendrag;Sötvatten;NMÖ;Vattendrag trendstationer;Södermanlands län;Nyköping;WA51800039;WA51800039;543529;2016-09-15;2016;9;15;0,50;0,50;;;0,72;µg/l
Ålbergaån, Kila;189;SE651375-154304;6512573;589620;6512605;589873;SWEREF 99 TM;Vattendrag;Sötvatten;NMÖ;Vattendrag trendstationer;Södermanlands län;Nyköping;WA51800039;WA51800039;543721;2016-10-12;2016;10;12;0,10;0,10;;;0,76;µg/l
Ålbergaån, Kila;189;SE651375-154304;6512573;589620;6512605;589873;SWEREF 99 TM;Vattendrag;Sötvatten;NMÖ;Vattendrag trendstationer;Södermanlands län;Nyköping;WA51800039;WA51800039;549505;2016-11-16;2016;11;16;0,10;0,10;;;1,1;µg/l
Ålbergaån, Kila;189;SE651375-154304;6512573;589620;6512605;589873;SWEREF 99 TM;Vattendrag;Sötvatten;NMÖ;Vattendrag trendstationer;Södermanlands län;Nyköping;WA51800039;WA51800039;549760;2016-12-13;2016;12;13;0,10;0,10;;Lågt vattenstånd. Dammen kommer tas bort under 2017 utav sportfiskarna.;1,3;µg/l
Ålbergaån, Kila;189;SE651375-154304;6512573;589620;6512605;589873;SWEREF 99 TM;Vattendrag;Sötvatten;NMÖ;Vattendrag trendstationer;Södermanlands län;Nyköping;WA51800039;WA51800039;589024;2017-01-19;2017;1;19;0,50;0,50;;;0,88;µg/l
Ålbergaån, Kila;189;SE651375-154304;6512573;589620;6512605;589873;SWEREF 99 TM;Vattendrag;Sötvatten;NMÖ;Vattendrag trendstationer;Södermanlands län;Nyköping;WA51800039;WA51800039;607716;2017-02-15;2017;2;15;0,10;0,10;;;0,65;µg/l
Ålbergaån, Kila;189;SE651375-154304;6512573;589620;6512605;589873;SWEREF 99 TM;Vattendrag;Sötvatten;NMÖ;Vattendrag trendstationer;Södermanlands län;Nyköping;WA51800039;WA51800039;624447;2017-03-15;2017;3;15;0,10;0,10;;;0,45;µg/l
Ålbergaån, Kila;189;SE651375-154304;6512573;589620;6512605;589873;SWEREF 99 TM;Vattendrag;Sötvatten;NMÖ;Vattendrag trendstationer;Södermanlands län;Nyköping;WA51800039;WA51800039;627619;2017-04-12;2017;4;12;0,50;0,50;;Lågt vattenstånd;1,1;µg/l
Ålbergaån, Kila;189;SE651375-154304;6512573;589620;6512605;589873;SWEREF 99 TM;Vattendrag;Sötvatten;NMÖ;Vattendrag trendstationer;Södermanlands län;Nyköping;WA51800039;WA51800039;651020;2017-05-17;2017;5;17;0,10;0,10;;Mycket lågt flöde!;1,8;µg/l
Ålbergaån, Kila;189;SE651375-154304;6512573;589620;6512605;589873;SWEREF 99 TM;Vattendrag;Sötvatten;NMÖ;Vattendrag trendstationer;Södermanlands län;Nyköping;WA51800039;WA51800039;651451;2017-06-14;2017;6;14;0,10;0,10;;;0,86;µg/l
Ålbergaån, Kila;189;SE651375-154304;6512573;589620;6512605;589873;SWEREF 99 TM;Vattendrag;Sötvatten;NMÖ;Vattendrag trendstationer;Södermanlands län;Nyköping;WA51800039;WA51800039;666658;2017-07-12;2017;7;12;0,10;0,10;Vattenkemi i vattendrag;;1,4;µg/l
Ålbergaån, Kila;189;SE651375-154304;6512573;589620;6512605;589873;SWEREF 99 TM;Vattendrag;Sötvatten;NMÖ;Vattendrag trendstationer;Södermanlands län;Nyköping;WA51800039;WA51800039;688817;2017-08-15;2017;8;15;0,10;0,10;Vattenkemi i vattendrag;jag tar provet på vanliga platsen. dämmet är borttaget men pp ser bra ut.;0,6;µg/l
Ålbergaån, Kila;189;SE651375-154304;6512573;589620;6512605;589873;SWEREF 99 TM;Vattendrag;Sötvatten;NMÖ;Vattendrag trendstationer;Södermanlands län;Nyköping;WA51800039;WA51800039;689623;2017-09-13;2017;9;13;0,10;0,10;Vattenkemi i vattendrag;;1,4;µg/l
Ålbergaån, Kila;189;SE651375-154304;6512573;589620;6512605;589873;SWEREF 99 TM;Vattendrag;Sötvatten;NMÖ;Vattendrag trendstationer;Södermanlands län;Nyköping;WA51800039;WA51800039;704050;2017-10-19;2017;10;19;0,50;0,50;Vattenkemi i vattendrag;;0,85;µg/l
Ålbergaån, Kila;189;SE651375-154304;6512573;589620;6512605;589873;SWEREF 99 TM;Vattendrag;Sötvatten;NMÖ;Vattendrag trendstationer;Södermanlands län;Nyköping;WA51800039;WA51800039;707368;2017-11-16;2017;11;16;0,10;0,10;Vattenkemi i vattendrag;;0,43;µg/l
Ålbergaån, Kila;189;SE651375-154304;6512573;589620;6512605;589873;SWEREF 99 TM;Vattendrag;Sötvatten;NMÖ;Vattendrag trendstationer;Södermanlands län;Nyköping;WA51800039;WA51800039;708869;2017-12-12;2017;12;12;0,50;0,50;Vattenkemi i vattendrag;;0,62;µg/l
Ålbergaån, Kila;189;SE651375-154304;6512573;589620;6512605;589873;SWEREF 99 TM;Vattendrag;Sötvatten;NMÖ;Vattendrag trendstationer;Södermanlands län;Nyköping;WA51800039;WA51800039;716876;2018-01-24;2018;1;24;0,10;0,10;Vattenkemi i vattendrag;;0,83;µg/l
Ålbergaån, Kila;189;SE651375-154304;6512573;589620;6512605;589873;SWEREF 99 TM;Vattendrag;Sötvatten;NMÖ;Vattendrag trendstationer;Södermanlands län;Nyköping;WA51800039;WA51800039;720471;2018-02-19;2018;2;19;0,10;0,10;Vattenkemi i vattendrag;;0,61;µg/l
Ålbergaån, Kila;189;SE651375-154304;6512573;589620;6512605;589873;SWEREF 99 TM;Vattendrag;Sötvatten;NMÖ;Vattendrag trendstationer;Södermanlands län;Nyköping;WA51800039;WA51800039;725142;2018-03-19;2018;3;19;0,50;0,50;Vattenkemi i vattendrag;;0,54;µg/l
Ålbergaån, Kila;189;SE651375-154304;6512573;589620;6512605;589873;SWEREF 99 TM;Vattendrag;Sötvatten;NMÖ;Vattendrag trendstationer;Södermanlands län;Nyköping;WA51800039;WA51800039;730683;2018-04-17;2018;4;17;0,10;0,10;Vattenkemi i vattendrag;;0,61;µg/l
Ålbergaån, Kila;189;SE651375-154304;6512573;589620;6512605;589873;SWEREF 99 TM;Vattendrag;Sötvatten;NMÖ;Vattendrag trendstationer;Södermanlands län;Nyköping;WA51800039;WA51800039;735533;2018-05-16;2018;5;16;0,10;0,10;Vattenkemi i vattendrag;;0,56;µg/l
Ålbergaån, Kila;189;SE651375-154304;6512573;589620;6512605;589873;SWEREF 99 TM;Vattendrag;Sötvatten;NMÖ;Vattendrag trendstationer;Södermanlands län;Nyköping;WA51800039;WA51800039;736075;2018-06-13;2018;6;13;0,05;0,05;Vattenkemi i vattendrag;;0,79;µg/l
Ålbergaån, Kila;189;SE651375-154304;6512573;589620;6512605;589873;SWEREF 99 TM;Vattendrag;Sötvatten;NMÖ;Vattendrag trendstationer;Södermanlands län;Nyköping;WA51800039;WA51800039;748426;2018-07-09;2018;7;9;0,20;0,20;Vattenkemi i vattendrag;;0,87;µg/l
Ålbergaån, Kila;189;SE651375-154304;6512573;589620;6512605;589873;SWEREF 99 TM;Vattendrag;Sötvatten;NMÖ;Vattendrag trendstationer;Södermanlands län;Nyköping;WA51800039;WA51800039;748820;2018-08-08;2018;8;8;0,20;0,20;Vattenkemi i vattendrag;Vattenflöde mycket lågt;0,72;µg/l
Ålbergaån, Kila;189;SE651375-154304;6512573;589620;6512605;589873;SWEREF 99 TM;Vattendrag;Sötvatten;NMÖ;Vattendrag trendstationer;Södermanlands län;Nyköping;WA51800039;WA51800039;752481;2018-09-17;2018;9;17;0,20;0,20;Vattenkemi i vattendrag;;0,63;µg/l
Ålbergaån, Kila;189;SE651375-154304;6512573;589620;6512605;589873;SWEREF 99 TM;Vattendrag;Sötvatten;NMÖ;Vattendrag trendstationer;Södermanlands län;Nyköping;WA51800039;WA51800039;756944;2018-10-16;2018;10;16;0,20;0,20;Vattenkemi i vattendrag;;0,54;µg/l
Ålbergaån, Kila;189;SE651375-154304;6512573;589620;6512605;589873;SWEREF 99 TM;Vattendrag;Sötvatten;NMÖ;Vattendrag trendstationer;Södermanlands län;Nyköping;WA51800039;WA51800039;763599;2018-11-14;2018;11;14;0,10;0,10;Vattenkemi i vattendrag;;0,43;µg/l
Ålbergaån, Kila;189;SE651375-154304;6512573;589620;6512605;589873;SWEREF 99 TM;Vattendrag;Sötvatten;NMÖ;Vattendrag trendstationer;Södermanlands län;Nyköping;WA51800039;WA51800039;763851;2018-12-12;2018;12;12;0,20;0,20;Vattenkemi i vattendrag;;1,8;µg/l
Ålbergaån, Kila;189;SE651375-154304;6512573;589620;6512605;589873;SWEREF 99 TM;Vattendrag;Sötvatten;NMÖ;Vattendrag trendstationer;Södermanlands län;Nyköping;WA51800039;WA51800039;771865;2019-01-16;2019;1;16;0,10;0,10;Vattenkemi i vattendrag;konduktivitet 19,7 mS/m Fält;1,1;µg/l
Ålbergaån, Kila;189;SE651375-154304;6512573;589620;6512605;589873;SWEREF 99 TM;Vattendrag;Sötvatten;NMÖ;Vattendrag trendstationer;Södermanlands län;Nyköping;WA51800039;WA51800039;771784;2019-02-13;2019;2;13;0,30;0,30;Vattenkemi i vattendrag;;0,97;µg/l
Ålbergaån, Kila;189;SE651375-154304;6512573;589620;6512605;589873;SWEREF 99 TM;Vattendrag;Sötvatten;NMÖ;Vattendrag trendstationer;Södermanlands län;Nyköping;WA51800039;WA51800039;776432;2019-03-12;2019;3;12;0,30;0,30;Vattenkemi i vattendrag;;0,57;µg/l
Ålbergaån, Kila;189;SE651375-154304;6512573;589620;6512605;589873;SWEREF 99 TM;Vattendrag;Sötvatten;NMÖ;Vattendrag trendstationer;Södermanlands län;Nyköping;WA51800039;WA51800039;776922;2019-04-16;2019;4;16;0,20;0,20;Vattenkemi i vattendrag;;0,45;µg/l
Ålbergaån, Kila;189;SE651375-154304;6512573;589620;6512605;589873;SWEREF 99 TM;Vattendrag;Sötvatten;NMÖ;Vattendrag trendstationer;Södermanlands län;Nyköping;WA51800039;WA51800039;785948;2019-05-15;2019;5;15;0,30;0,30;Vattenkemi i vattendrag;;0,68;µg/l
Ålbergaån, Kila;189;SE651375-154304;6512573;589620;6512605;589873;SWEREF 99 TM;Vattendrag;Sötvatten;NMÖ;Vattendrag trendstationer;Södermanlands län;Nyköping;WA51800039;WA51800039;786537;2019-06-12;2019;6;12;0,30;0,30;Vattenkemi i vattendrag;;1,7;µg/l
Ålbergaån, Kila;189;SE651375-154304;6512573;589620;6512605;589873;SWEREF 99 TM;Vattendrag;Sötvatten;NMÖ;Vattendrag trendstationer;Södermanlands län;Nyköping;WA51800039;WA51800039;788697;2019-07-16;2019;7;16;0,40;0,40;Vattenkemi i vattendrag;;0,72;µg/l
Ålbergaån, Kila;189;SE651375-154304;6512573;589620;6512605;589873;SWEREF 99 TM;Vattendrag;Sötvatten;NMÖ;Vattendrag trendstationer;Södermanlands län;Nyköping;WA51800039;WA51800039;789019;2019-08-13;2019;8;13;0,50;0,50;Vattenkemi i vattendrag;;0,63;µg/l
Ålbergaån, Kila;189;SE651375-154304;6512573;589620;6512605;589873;SWEREF 99 TM;Vattendrag;Sötvatten;NMÖ;Vattendrag trendstationer;Södermanlands län;Nyköping;WA51800039;WA51800039;796562;2019-09-17;2019;9;17;0,30;0,30;Vattenkemi i vattendrag;;0,82;µg/l
Ålbergaån, Kila;189;SE651375-154304;6512573;589620;6512605;589873;SWEREF 99 TM;Vattendrag;Sötvatten;NMÖ;Vattendrag trendstationer;Södermanlands län;Nyköping;WA51800039;WA51800039;823320;2019-10-16;2019;10;16;0,30;0,30;Vattenkemi i vattendrag;;0,86;µg/l
Ålbergaån, Kila;189;SE651375-154304;6512573;589620;6512605;589873;SWEREF 99 TM;Vattendrag;Sötvatten;NMÖ;Vattendrag trendstationer;Södermanlands län;Nyköping;WA51800039;WA51800039;823321;2019-11-13;2019;11;13;0,40;0,40;Vattenkemi i vattendrag;;0,72;µg/l
Ålbergaån, Kila;189;SE651375-154304;6512573;589620;6512605;589873;SWEREF 99 TM;Vattendrag;Sötvatten;NMÖ;Vattendrag trendstationer;Södermanlands län;Nyköping;WA51800039;WA51800039;823322;2019-12-17;2019;12;17;0,50;0,50;Vattenkemi i vattendrag;;0,61;µg/l
Ålbergaån, Kila;189;SE651375-154304;6512573;589620;6512605;589873;SWEREF 99 TM;Vattendrag;Sötvatten;NMÖ;Vattendrag trendstationer;Södermanlands län;Nyköping;WA51800039;WA51800039;829978;2020-01-14;2020;1;14;0,30;0,30;Vattenkemi i vattendrag;Konduktivitet 6,6;0,65;µg/l
Ålbergaån, Kila;189;SE651375-154304;6512573;589620;6512605;589873;SWEREF 99 TM;Vattendrag;Sötvatten;NMÖ;Vattendrag trendstationer;Södermanlands län;Nyköping;WA51800039;WA51800039;830037;2020-02-11;2020;2;11;0,50;0,50;Vattenkemi i vattendrag;kond 7;0,79;µg/l
Vretaån;216;SE651360-153835;6512366;584934;6512514;584904;SWEREF 99 TM;Vattendrag;Sötvatten;NMÖ;Vattendrag trendstationer;Södermanlands län;Nyköping;WA39935042;WA39935042;382942;2016-01-13;2016;1;13;0,10;0,10;;;1,2;µg/l
Strömsrum;3805;SE631235-153752;6311078;586532;6311188;586501;SWEREF 99 TM;Vattendrag;Sötvatten;SRK;Alsterån;Kalmar län;Mönsterås;WA22707091;WA22707091;606880;2016-01-12;2016;1;12;0,50;0,50;;;1,1;µg/l
Strömsrum;3805;SE631235-153752;6311078;586532;6311188;586501;SWEREF 99 TM;Vattendrag;Sötvatten;SRK;Alsterån;Kalmar län;Mönsterås;WA22707091;WA22707091;606884;2016-02-17;2016;2;17;0,50;0,50;;;0,88;µg/l
Strömsrum;3805;SE631235-153752;6311078;586532;6311188;586501;SWEREF 99 TM;Vattendrag;Sötvatten;SRK;Alsterån;Kalmar län;Mönsterås;WA22707091;WA22707091;606885;2016-03-17;2016;3;17;0,50;0,50;;;2,1;µg/l
Strömsrum;3805;SE631235-153752;6311078;586532;6311188;586501;SWEREF 99 TM;Vattendrag;Sötvatten;SRK;Alsterån;Kalmar län;Mönsterås;WA22707091;WA22707091;606886;2016-04-13;2016;4;13;0,50;0,50;;;1;µg/l
Strömsrum;3805;SE631235-153752;6311078;586532;6311188;586501;SWEREF 99 TM;Vattendrag;Sötvatten;SRK;Alsterån;Kalmar län;Mönsterås;WA22707091;WA22707091;606887;2016-05-19;2016;5;19;0,50;0,50;;;1,1;µg/l
Strömsrum;3805;SE631235-153752;6311078;586532;6311188;586501;SWEREF 99 TM;Vattendrag;Sötvatten;SRK;Alsterån;Kalmar län;Mönsterås;WA22707091;WA22707091;606888;2016-06-13;2016;6;13;0,50;0,50;;;0,93;µg/l
Strömsrum;3805;SE631235-153752;6311078;586532;6311188;586501;SWEREF 99 TM;Vattendrag;Sötvatten;SRK;Alsterån;Kalmar län;Mönsterås;WA22707091;WA22707091;606889;2016-07-06;2016;7;6;0,50;0,50;;;1,6;µg/l
Strömsrum;3805;SE631235-153752;6311078;586532;6311188;586501;SWEREF 99 TM;Vattendrag;Sötvatten;SRK;Alsterån;Kalmar län;Mönsterås;WA22707091;WA22707091;606890;2016-08-24;2016;8;24;0,50;0,50;;;0,91;µg/l
Strömsrum;3805;SE631235-153752;6311078;586532;6311188;586501;SWEREF 99 TM;Vattendrag;Sötvatten;SRK;Alsterån;Kalmar län;Mönsterås;WA22707091;WA22707091;606891;2016-09-20;2016;9;20;0,50;0,50;;;0,77;µg/l
Strömsrum;3805;SE631235-153752;6311078;586532;6311188;586501;SWEREF 99 TM;Vattendrag;Sötvatten;SRK;Alsterån;Kalmar län;Mönsterås;WA22707091;WA22707091;606881;2016-10-27;2016;10;27;0,50;0,50;;;2,5;µg/l
Strömsrum;3805;SE631235-153752;6311078;586532;6311188;586501;SWEREF 99 TM;Vattendrag;Sötvatten;SRK;Alsterån;Kalmar län;Mönsterås;WA22707091;WA22707091;606882;2016-11-08;2016;11;8;0,50;0,50;;;2,4;µg/l
Strömsrum;3805;SE631235-153752;6311078;586532;6311188;586501;SWEREF 99 TM;Vattendrag;Sötvatten;SRK;Alsterån;Kalmar län;Mönsterås;WA22707091;WA22707091;606883;2016-12-27;2016;12;27;0,50;0,50;;;1,8;µg/l
Strömsrum;3805;SE631235-153752;6311078;586532;6311188;586501;SWEREF 99 TM;Vattendrag;Sötvatten;SRK;Alsterån;Kalmar län;Mönsterås;WA22707091;WA22707091;721904;2017-01-17;2017;1;17;0,50;0,50;Vattenkemi i vattendrag;;1,6;µg/l
Strömsrum;3805;SE631235-153752;6311078;586532;6311188;586501;SWEREF 99 TM;Vattendrag;Sötvatten;SRK;Alsterån;Kalmar län;Mönsterås;WA22707091;WA22707091;721908;2017-02-22;2017;2;22;0,50;0,50;Vattenkemi i vattendrag;;1,8;µg/l
Strömsrum;3805;SE631235-153752;6311078;586532;6311188;586501;SWEREF 99 TM;Vattendrag;Sötvatten;SRK;Alsterån;Kalmar län;Mönsterås;WA22707091;WA22707091;721909;2017-03-21;2017;3;21;0,50;0,50;Vattenkemi i vattendrag;;1,4;µg/l
Strömsrum;3805;SE631235-153752;6311078;586532;6311188;586501;SWEREF 99 TM;Vattendrag;Sötvatten;SRK;Alsterån;Kalmar län;Mönsterås;WA22707091;WA22707091;721910;2017-04-27;2017;4;27;0,50;0,50;Vattenkemi i vattendrag;;1,5;µg/l
Strömsrum;3805;SE631235-153752;6311078;586532;6311188;586501;SWEREF 99 TM;Vattendrag;Sötvatten;SRK;Alsterån;Kalmar län;Mönsterås;WA22707091;WA22707091;721911;2017-05-18;2017;5;18;0,50;0,50;Vattenkemi i vattendrag;;1,2;µg/l
Strömsrum;3805;SE631235-153752;6311078;586532;6311188;586501;SWEREF 99 TM;Vattendrag;Sötvatten;SRK;Alsterån;Kalmar län;Mönsterås;WA22707091;WA22707091;721912;2017-06-20;2017;6;20;0,50;0,50;Vattenkemi i vattendrag;;1,8;µg/l
Strömsrum;3805;SE631235-153752;6311078;586532;6311188;586501;SWEREF 99 TM;Vattendrag;Sötvatten;SRK;Alsterån;Kalmar län;Mönsterås;WA22707091;WA22707091;721913;2017-07-06;2017;7;6;0,50;0,50;Vattenkemi i vattendrag;;1,2;µg/l
Strömsrum;3805;SE631235-153752;6311078;586532;6311188;586501;SWEREF 99 TM;Vattendrag;Sötvatten;SRK;Alsterån;Kalmar län;Mönsterås;WA22707091;WA22707091;721914;2017-08-29;2017;8;29;0,50;0,50;Vattenkemi i vattendrag;;0,91;µg/l
Strömsrum;3805;SE631235-153752;6311078;586532;6311188;586501;SWEREF 99 TM;Vattendrag;Sötvatten;SRK;Alsterån;Kalmar län;Mönsterås;WA22707091;WA22707091;721915;2017-09-26;2017;9;26;0,50;0,50;Vattenkemi i vattendrag;;1,4;µg/l
Strömsrum;3805;SE631235-153752;6311078;586532;6311188;586501;SWEREF 99 TM;Vattendrag;Sötvatten;SRK;Alsterån;Kalmar län;Mönsterås;WA22707091;WA22707091;721905;2017-10-26;2017;10;26;0,50;0,50;Vattenkemi i vattendrag;;1,4;µg/l
Strömsrum;3805;SE631235-153752;6311078;586532;6311188;586501;SWEREF 99 TM;Vattendrag;Sötvatten;SRK;Alsterån;Kalmar län;Mönsterås;WA22707091;WA22707091;721906;2017-11-23;2017;11;23;0,50;0,50;Vattenkemi i vattendrag;;0,95;µg/l
Strömsrum;3805;SE631235-153752;6311078;586532;6311188;586501;SWEREF 99 TM;Vattendrag;Sötvatten;SRK;Alsterån;Kalmar län;Mönsterås;WA22707091;WA22707091;721907;2017-12-21;2017;12;21;0,50;0,50;Vattenkemi i vattendrag;;1,3;µg/l
Strömsrum;3805;SE631235-153752;6311078;586532;6311188;586501;SWEREF 99 TM;Vattendrag;Sötvatten;SRK;Alsterån;Kalmar län;Mönsterås;WA22707091;WA22707091;775372;2018-01-18;2018;1;18;0,50;0,50;Vattenkemi i vattendrag;;1,5;µg/l
Strömsrum;3805;SE631235-153752;6311078;586532;6311188;586501;SWEREF 99 TM;Vattendrag;Sötvatten;SRK;Alsterån;Kalmar län;Mönsterås;WA22707091;WA22707091;775376;2018-02-23;2018;2;23;0,50;0,50;Vattenkemi i vattendrag;;1,7;µg/l
Strömsrum;3805;SE631235-153752;6311078;586532;6311188;586501;SWEREF 99 TM;Vattendrag;Sötvatten;SRK;Alsterån;Kalmar län;Mönsterås;WA22707091;WA22707091;775377;2018-03-15;2018;3;15;0,50;0,50;Vattenkemi i vattendrag;;1,9;µg/l
Strömsrum;3805;SE631235-153752;6311078;586532;6311188;586501;SWEREF 99 TM;Vattendrag;Sötvatten;SRK;Alsterån;Kalmar län;Mönsterås;WA22707091;WA22707091;775378;2018-04-24;2018;4;24;0,50;0,50;Vattenkemi i vattendrag;;1,8;µg/l
Strömsrum;3805;SE631235-153752;6311078;586532;6311188;586501;SWEREF 99 TM;Vattendrag;Sötvatten;SRK;Alsterån;Kalmar län;Mönsterås;WA22707091;WA22707091;775379;2018-05-22;2018;5;22;0,50;0,50;Vattenkemi i vattendrag;;1,7;µg/l
Strömsrum;3805;SE631235-153752;6311078;586532;6311188;586501;SWEREF 99 TM;Vattendrag;Sötvatten;SRK;Alsterån;Kalmar län;Mönsterås;WA22707091;WA22707091;775380;2018-06-29;2018;6;29;0,50;0,50;Vattenkemi i vattendrag;;1,8;µg/l
Strömsrum;3805;SE631235-153752;6311078;586532;6311188;586501;SWEREF 99 TM;Vattendrag;Sötvatten;SRK;Alsterån;Kalmar län;Mönsterås;WA22707091;WA22707091;775381;2018-07-10;2018;7;10;0,50;0,50;Vattenkemi i vattendrag;;2,3;µg/l
Strömsrum;3805;SE631235-153752;6311078;586532;6311188;586501;SWEREF 99 TM;Vattendrag;Sötvatten;SRK;Alsterån;Kalmar län;Mönsterås;WA22707091;WA22707091;775382;2018-08-23;2018;8;23;0,50;0,50;Vattenkemi i vattendrag;;1,3;µg/l
Strömsrum;3805;SE631235-153752;6311078;586532;6311188;586501;SWEREF 99 TM;Vattendrag;Sötvatten;SRK;Alsterån;Kalmar län;Mönsterås;WA22707091;WA22707091;775383;2018-09-26;2018;9;26;0,50;0,50;Vattenkemi i vattendrag;;0,77;µg/l
Strömsrum;3805;SE631235-153752;6311078;586532;6311188;586501;SWEREF 99 TM;Vattendrag;Sötvatten;SRK;Alsterån;Kalmar län;Mönsterås;WA22707091;WA22707091;775373;2018-10-30;2018;10;30;0,50;0,50;Vattenkemi i vattendrag;;1,1;µg/l
Strömsrum;3805;SE631235-153752;6311078;586532;6311188;586501;SWEREF 99 TM;Vattendrag;Sötvatten;SRK;Alsterån;Kalmar län;Mönsterås;WA22707091;WA22707091;775374;2018-11-14;2018;11;14;0,50;0,50;Vattenkemi i vattendrag;;1,3;µg/l
Strömsrum;3805;SE631235-153752;6311078;586532;6311188;586501;SWEREF 99 TM;Vattendrag;Sötvatten;SRK;Alsterån;Kalmar län;Mönsterås;WA22707091;WA22707091;775375;2018-12-19;2018;12;19;0,50;0,50;Vattenkemi i vattendrag;;1,4;µg/l
Strömsrum;3805;SE631235-153752;6311078;586532;6311188;586501;SWEREF 99 TM;Vattendrag;Sötvatten;SRK;Alsterån;Kalmar län;Mönsterås;WA22707091;WA22707091;820055;2019-01-15;2019;1;15;0,50;0,50;Vattenkemi i vattendrag;177-2019-01160307;1,3;µg/l
Strömsrum;3805;SE631235-153752;6311078;586532;6311188;586501;SWEREF 99 TM;Vattendrag;Sötvatten;SRK;Alsterån;Kalmar län;Mönsterås;WA22707091;WA22707091;820059;2019-02-26;2019;2;26;0,50;0,50;Vattenkemi i vattendrag;177-2019-02280005;2,1;µg/l
Strömsrum;3805;SE631235-153752;6311078;586532;6311188;586501;SWEREF 99 TM;Vattendrag;Sötvatten;SRK;Alsterån;Kalmar län;Mönsterås;WA22707091;WA22707091;820060;2019-03-19;2019;3;19;0,50;0,50;Vattenkemi i vattendrag;177-2019-03200376;1,8;µg/l
Strömsrum;3805;SE631235-153752;6311078;586532;6311188;586501;SWEREF 99 TM;Vattendrag;Sötvatten;SRK;Alsterån;Kalmar län;Mönsterås;WA22707091;WA22707091;820061;2019-04-16;2019;4;16;0,50;0,50;Vattenkemi i vattendrag;177-2019-04180554;1,7;µg/l
Strömsrum;3805;SE631235-153752;6311078;586532;6311188;586501;SWEREF 99 TM;Vattendrag;Sötvatten;SRK;Alsterån;Kalmar län;Mönsterås;WA22707091;WA22707091;820062;2019-05-15;2019;5;15;0,50;0,50;Vattenkemi i vattendrag;177-2019-05160266;3,2;µg/l
Strömsrum;3805;SE631235-153752;6311078;586532;6311188;586501;SWEREF 99 TM;Vattendrag;Sötvatten;SRK;Alsterån;Kalmar län;Mönsterås;WA22707091;WA22707091;820063;2019-06-19;2019;6;19;0,50;0,50;Vattenkemi i vattendrag;177-2019-06192657;2;µg/l
Strömsrum;3805;SE631235-153752;6311078;586532;6311188;586501;SWEREF 99 TM;Vattendrag;Sötvatten;SRK;Alsterån;Kalmar län;Mönsterås;WA22707091;WA22707091;820064;2019-07-10;2019;7;10;0,50;0,50;Vattenkemi i vattendrag;177-2019-07100494;1,3;µg/l
Strömsrum;3805;SE631235-153752;6311078;586532;6311188;586501;SWEREF 99 TM;Vattendrag;Sötvatten;SRK;Alsterån;Kalmar län;Mönsterås;WA22707091;WA22707091;820065;2019-08-20;2019;8;20;0,50;0,50;Vattenkemi i vattendrag;177-2019-08211602;1;µg/l
Strömsrum;3805;SE631235-153752;6311078;586532;6311188;586501;SWEREF 99 TM;Vattendrag;Sötvatten;SRK;Alsterån;Kalmar län;Mönsterås;WA22707091;WA22707091;820066;2019-09-25;2019;9;25;0,50;0,50;Vattenkemi i vattendrag;177-2019-09262105;0,84;µg/l
Strömsrum;3805;SE631235-153752;6311078;586532;6311188;586501;SWEREF 99 TM;Vattendrag;Sötvatten;SRK;Alsterån;Kalmar län;Mönsterås;WA22707091;WA22707091;820056;2019-10-31;2019;10;31;0,50;0,50;Vattenkemi i vattendrag;177-2019-11011707;0,94;µg/l
Strömsrum;3805;SE631235-153752;6311078;586532;6311188;586501;SWEREF 99 TM;Vattendrag;Sötvatten;SRK;Alsterån;Kalmar län;Mönsterås;WA22707091;WA22707091;820057;2019-11-26;2019;11;26;0,50;0,50;Vattenkemi i vattendrag;177-2019-11270412;1,3;µg/l
Strömsrum;3805;SE631235-153752;6311078;586532;6311188;586501;SWEREF 99 TM;Vattendrag;Sötvatten;SRK;Alsterån;Kalmar län;Mönsterås;WA22707091;WA22707091;820058;2019-12-27;2019;12;27;0,50;0,50;Vattenkemi i vattendrag;177-2019-12270493;1,2;µg/l
Botorpström Brunnsö;18966;SE639339-154122;6392240;589240;6392208;589248;SWEREF 99 TM;Vattendrag;Sötvatten;NMÖ;Flodmynningar;Kalmar län;Västervik;WA62188433;WA62188433;382903;2016-01-11;2016;1;11;0,50;0,50;;;1;µg/l
Botorpström Brunnsö;18966;SE639339-154122;6392240;589240;6392208;589248;SWEREF 99 TM;Vattendrag;Sötvatten;NMÖ;Flodmynningar;Kalmar län;Västervik;WA62188433;WA62188433;383279;2016-02-21;2016;2;21;0,50;0,50;;;1;µg/l
Botorpström Brunnsö;18966;SE639339-154122;6392240;589240;6392208;589248;SWEREF 99 TM;Vattendrag;Sötvatten;NMÖ;Flodmynningar;Kalmar län;Västervik;WA62188433;WA62188433;446525;2016-03-15;2016;3;15;0,50;0,50;;;1,1;µg/l
Botorpström Brunnsö;18966;SE639339-154122;6392240;589240;6392208;589248;SWEREF 99 TM;Vattendrag;Sötvatten;NMÖ;Flodmynningar;Kalmar län;Västervik;WA62188433;WA62188433;470877;2016-04-12;2016;4;12;0,50;0,50;;;0,99;µg/l
Botorpström Brunnsö;18966;SE639339-154122;6392240;589240;6392208;589248;SWEREF 99 TM;Vattendrag;Sötvatten;NMÖ;Flodmynningar;Kalmar län;Västervik;WA62188433;WA62188433;500551;2016-05-23;2016;5;23;0,50;0,50;;;0,99;µg/l
Botorpström Brunnsö;18966;SE639339-154122;6392240;589240;6392208;589248;SWEREF 99 TM;Vattendrag;Sötvatten;NMÖ;Flodmynningar;Kalmar län;Västervik;WA62188433;WA62188433;500886;2016-06-14;2016;6;14;0,50;0,50;;;0,97;µg/l
Botorpström Brunnsö;18966;SE639339-154122;6392240;589240;6392208;589248;SWEREF 99 TM;Vattendrag;Sötvatten;NMÖ;Flodmynningar;Kalmar län;Västervik;WA62188433;WA62188433;515919;2016-07-11;2016;7;11;0,60;0,60;;;1;µg/l
Botorpström Brunnsö;18966;SE639339-154122;6392240;589240;6392208;589248;SWEREF 99 TM;Vattendrag;Sötvatten;NMÖ;Flodmynningar;Kalmar län;Västervik;WA62188433;WA62188433;524642;2016-08-16;2016;8;16;0,50;0,50;;;1;µg/l
Botorpström Brunnsö;18966;SE639339-154122;6392240;589240;6392208;589248;SWEREF 99 TM;Vattendrag;Sötvatten;NMÖ;Flodmynningar;Kalmar län;Västervik;WA62188433;WA62188433;543363;2016-09-12;2016;9;12;0,50;0,50;;;0,99;µg/l
Botorpström Brunnsö;18966;SE639339-154122;6392240;589240;6392208;589248;SWEREF 99 TM;Vattendrag;Sötvatten;NMÖ;Flodmynningar;Kalmar län;Västervik;WA62188433;WA62188433;543822;2016-10-17;2016;10;17;0,50;0,50;;;0,8;µg/l
Botorpström Brunnsö;18966;SE639339-154122;6392240;589240;6392208;589248;SWEREF 99 TM;Vattendrag;Sötvatten;NMÖ;Flodmynningar;Kalmar län;Västervik;WA62188433;WA62188433;549376;2016-11-14;2016;11;14;0,50;0,50;;;0,94;µg/l
Botorpström Brunnsö;18966;SE639339-154122;6392240;589240;6392208;589248;SWEREF 99 TM;Vattendrag;Sötvatten;NMÖ;Flodmynningar;Kalmar län;Västervik;WA62188433;WA62188433;556791;2016-12-12;2016;12;12;0,50;0,50;;;1,1;µg/l
Botorpström Brunnsö;18966;SE639339-154122;6392240;589240;6392208;589248;SWEREF 99 TM;Vattendrag;Sötvatten;NMÖ;Flodmynningar;Kalmar län;Västervik;WA62188433;WA62188433;588932;2017-01-16;2017;1;16;0,50;0,50;;;1;µg/l
Botorpström Brunnsö;18966;SE639339-154122;6392240;589240;6392208;589248;SWEREF 99 TM;Vattendrag;Sötvatten;NMÖ;Flodmynningar;Kalmar län;Västervik;WA62188433;WA62188433;607599;2017-02-14;2017;2;14;0,50;0,50;;;1,1;µg/l
Botorpström Brunnsö;18966;SE639339-154122;6392240;589240;6392208;589248;SWEREF 99 TM;Vattendrag;Sötvatten;NMÖ;Flodmynningar;Kalmar län;Västervik;WA62188433;WA62188433;624357;2017-03-13;2017;3;13;0,50;0,50;;;1,3;µg/l
Botorpström Brunnsö;18966;SE639339-154122;6392240;589240;6392208;589248;SWEREF 99 TM;Vattendrag;Sötvatten;NMÖ;Flodmynningar;Kalmar län;Västervik;WA62188433;WA62188433;627664;2017-04-18;2017;4;18;0,50;0,50;;Normalt flöde;1;µg/l
Botorpström Brunnsö;18966;SE639339-154122;6392240;589240;6392208;589248;SWEREF 99 TM;Vattendrag;Sötvatten;NMÖ;Flodmynningar;Kalmar län;Västervik;WA62188433;WA62188433;650928;2017-05-16;2017;5;16;0,50;0,50;;;1,1;µg/l
Botorpström Brunnsö;18966;SE639339-154122;6392240;589240;6392208;589248;SWEREF 99 TM;Vattendrag;Sötvatten;NMÖ;Flodmynningar;Kalmar län;Västervik;WA62188433;WA62188433;651205;2017-06-12;2017;6;12;0,50;0,50;;;1,2;µg/l
Botorpström Brunnsö;18966;SE639339-154122;6392240;589240;6392208;589248;SWEREF 99 TM;Vattendrag;Sötvatten;NMÖ;Flodmynningar;Kalmar län;Västervik;WA62188433;WA62188433;666599;2017-07-11;2017;7;11;0,50;0,50;Vattenkemi i vattendrag;;1;µg/l
Botorpström Brunnsö;18966;SE639339-154122;6392240;589240;6392208;589248;SWEREF 99 TM;Vattendrag;Sötvatten;NMÖ;Flodmynningar;Kalmar län;Västervik;WA62188433;WA62188433;689021;2017-08-14;2017;8;14;0,50;0,50;Vattenkemi i vattendrag;;0,98;µg/l
Botorpström Brunnsö;18966;SE639339-154122;6392240;589240;6392208;589248;SWEREF 99 TM;Vattendrag;Sötvatten;NMÖ;Flodmynningar;Kalmar län;Västervik;WA62188433;WA62188433;703531;2017-09-12;2017;9;12;0,50;0,50;Vattenkemi i vattendrag;;0,95;µg/l
Botorpström Brunnsö;18966;SE639339-154122;6392240;589240;6392208;589248;SWEREF 99 TM;Vattendrag;Sötvatten;NMÖ;Flodmynningar;Kalmar län;Västervik;WA62188433;WA62188433;704136;2017-10-16;2017;10;16;0,50;0,50;Vattenkemi i vattendrag;;0,95;µg/l
Botorpström Brunnsö;18966;SE639339-154122;6392240;589240;6392208;589248;SWEREF 99 TM;Vattendrag;Sötvatten;NMÖ;Flodmynningar;Kalmar län;Västervik;WA62188433;WA62188433;707174;2017-11-13;2017;11;13;0,50;0,50;Vattenkemi i vattendrag;;1;µg/l
Botorpström Brunnsö;18966;SE639339-154122;6392240;589240;6392208;589248;SWEREF 99 TM;Vattendrag;Sötvatten;NMÖ;Flodmynningar;Kalmar län;Västervik;WA62188433;WA62188433;708645;2017-12-12;2017;12;12;0,50;0,50;Vattenkemi i vattendrag;normalt flöde;0,98;µg/l
Botorpström Brunnsö;18966;SE639339-154122;6392240;589240;6392208;589248;SWEREF 99 TM;Vattendrag;Sötvatten;NMÖ;Flodmynningar;Kalmar län;Västervik;WA62188433;WA62188433;716881;2018-01-15;2018;1;15;0,50;0,50;Vattenkemi i vattendrag;;1;µg/l
Botorpström Brunnsö;18966;SE639339-154122;6392240;589240;6392208;589248;SWEREF 99 TM;Vattendrag;Sötvatten;NMÖ;Flodmynningar;Kalmar län;Västervik;WA62188433;WA62188433;720549;2018-02-14;2018;2;14;0,50;0,50;Vattenkemi i vattendrag;;0,98;µg/l
Botorpström Brunnsö;18966;SE639339-154122;6392240;589240;6392208;589248;SWEREF 99 TM;Vattendrag;Sötvatten;NMÖ;Flodmynningar;Kalmar län;Västervik;WA62188433;WA62188433;725270;2018-03-19;2018;3;19;0,50;0,50;Vattenkemi i vattendrag;;1;µg/l
Botorpström Brunnsö;18966;SE639339-154122;6392240;589240;6392208;589248;SWEREF 99 TM;Vattendrag;Sötvatten;NMÖ;Flodmynningar;Kalmar län;Västervik;WA62188433;WA62188433;730733;2018-04-16;2018;4;16;0,50;0,50;Vattenkemi i vattendrag;;0,99;µg/l
Botorpström Brunnsö;18966;SE639339-154122;6392240;589240;6392208;589248;SWEREF 99 TM;Vattendrag;Sötvatten;NMÖ;Flodmynningar;Kalmar län;Västervik;WA62188433;WA62188433;735579;2018-05-14;2018;5;14;0,50;0,50;Vattenkemi i vattendrag;;1,3;µg/l
Botorpström Brunnsö;18966;SE639339-154122;6392240;589240;6392208;589248;SWEREF 99 TM;Vattendrag;Sötvatten;NMÖ;Flodmynningar;Kalmar län;Västervik;WA62188433;WA62188433;736583;2018-06-11;2018;6;11;0,50;0,50;Vattenkemi i vattendrag;;1,2;µg/l
Botorpström Brunnsö;18966;SE639339-154122;6392240;589240;6392208;589248;SWEREF 99 TM;Vattendrag;Sötvatten;NMÖ;Flodmynningar;Kalmar län;Västervik;WA62188433;WA62188433;748508;2018-07-09;2018;7;9;0,50;0,50;Vattenkemi i vattendrag;;1,2;µg/l
Botorpström Brunnsö;18966;SE639339-154122;6392240;589240;6392208;589248;SWEREF 99 TM;Vattendrag;Sötvatten;NMÖ;Flodmynningar;Kalmar län;Västervik;WA62188433;WA62188433;751497;2018-08-13;2018;8;13;0,50;0,50;Vattenkemi i vattendrag;;1,2;µg/l
Botorpström Brunnsö;18966;SE639339-154122;6392240;589240;6392208;589248;SWEREF 99 TM;Vattendrag;Sötvatten;NMÖ;Flodmynningar;Kalmar län;Västervik;WA62188433;WA62188433;756617;2018-09-24;2018;9;24;0,50;0,50;Vattenkemi i vattendrag;;1,1;µg/l
Botorpström Brunnsö;18966;SE639339-154122;6392240;589240;6392208;589248;SWEREF 99 TM;Vattendrag;Sötvatten;NMÖ;Flodmynningar;Kalmar län;Västervik;WA62188433;WA62188433;758732;2018-10-15;2018;10;15;0,50;0,50;Vattenkemi i vattendrag;;1;µg/l
Botorpström Brunnsö;18966;SE639339-154122;6392240;589240;6392208;589248;SWEREF 99 TM;Vattendrag;Sötvatten;NMÖ;Flodmynningar;Kalmar län;Västervik;WA62188433;WA62188433;763756;2018-11-12;2018;11;12;0,50;0,50;Vattenkemi i vattendrag;;1,1;µg/l
Botorpström Brunnsö;18966;SE639339-154122;6392240;589240;6392208;589248;SWEREF 99 TM;Vattendrag;Sötvatten;NMÖ;Flodmynningar;Kalmar län;Västervik;WA62188433;WA62188433;764769;2018-12-10;2018;12;10;0,50;0,50;Vattenkemi i vattendrag;;1;µg/l
Botorpström Brunnsö;18966;SE639339-154122;6392240;589240;6392208;589249;SWEREF 99 TM;Vattendrag;Sötvatten;NMÖ;Flodmynningar;Kalmar län;Västervik;WA62188433;WA62188433;771946;2019-01-14;2019;1;14;0,50;0,50;Vattenkemi i vattendrag;;0,98;µg/l
Botorpström Brunnsö;18966;SE639339-154122;6392240;589240;6392208;589249;SWEREF 99 TM;Vattendrag;Sötvatten;NMÖ;Flodmynningar;Kalmar län;Västervik;WA62188433;WA62188433;772032;2019-02-11;2019;2;11;0,50;0,50;Vattenkemi i vattendrag;;1,1;µg/l
Botorpström Brunnsö;18966;SE639339-154122;6392240;589240;6392208;589249;SWEREF 99 TM;Vattendrag;Sötvatten;NMÖ;Flodmynningar;Kalmar län;Västervik;WA62188433;WA62188433;776383;2019-03-19;2019;3;19;0,50;0,50;Vattenkemi i vattendrag;;1,3;µg/l
Botorpström Brunnsö;18966;SE639339-154122;6392240;589240;6392208;589249;SWEREF 99 TM;Vattendrag;Sötvatten;NMÖ;Flodmynningar;Kalmar län;Västervik;WA62188433;WA62188433;777298;2019-04-15;2019;4;15;0,50;0,50;Vattenkemi i vattendrag;;1;µg/l
Botorpström Brunnsö;18966;SE639339-154122;6392240;589240;6392208;589249;SWEREF 99 TM;Vattendrag;Sötvatten;NMÖ;Flodmynningar;Kalmar län;Västervik;WA62188433;WA62188433;786456;2019-05-13;2019;5;13;0,50;0,50;Vattenkemi i vattendrag;;1,1;µg/l
Botorpström Brunnsö;18966;SE639339-154122;6392240;589240;6392208;589249;SWEREF 99 TM;Vattendrag;Sötvatten;NMÖ;Flodmynningar;Kalmar län;Västervik;WA62188433;WA62188433;786599;2019-06-17;2019;6;17;0,50;0,50;Vattenkemi i vattendrag;;1,2;µg/l
Botorpström Brunnsö;18966;SE639339-154122;6392240;589240;6392208;589249;SWEREF 99 TM;Vattendrag;Sötvatten;NMÖ;Flodmynningar;Kalmar län;Västervik;WA62188433;WA62188433;789665;2019-07-15;2019;7;15;0,50;0,50;Vattenkemi i vattendrag;;1,2;µg/l
Botorpström Brunnsö;18966;SE639339-154122;6392240;589240;6392208;589249;SWEREF 99 TM;Vattendrag;Sötvatten;NMÖ;Flodmynningar;Kalmar län;Västervik;WA62188433;WA62188433;789819;2019-08-19;2019;8;19;0,50;0,50;Vattenkemi i vattendrag;;1;µg/l
Botorpström Brunnsö;18966;SE639339-154122;6392240;589240;6392208;589249;SWEREF 99 TM;Vattendrag;Sötvatten;NMÖ;Flodmynningar;Kalmar län;Västervik;WA62188433;WA62188433;796677;2019-09-16;2019;9;16;0,50;0,50;Vattenkemi i vattendrag;;1;µg/l
Botorpström Brunnsö;18966;SE639339-154122;6392240;589240;6392208;589249;SWEREF 99 TM;Vattendrag;Sötvatten;NMÖ;Flodmynningar;Kalmar län;Västervik;WA62188433;WA62188433;817274;2019-10-14;2019;10;14;0,50;0,50;Vattenkemi i vattendrag;;0,99;µg/l
Botorpström Brunnsö;18966;SE639339-154122;6392240;589240;6392208;589249;SWEREF 99 TM;Vattendrag;Sötvatten;NMÖ;Flodmynningar;Kalmar län;Västervik;WA62188433;WA62188433;822386;2019-11-18;2019;11;18;0,50;0,50;Vattenkemi i vattendrag;;0,94;µg/l
Botorpström Brunnsö;18966;SE639339-154122;6392240;589240;6392208;589249;SWEREF 99 TM;Vattendrag;Sötvatten;NMÖ;Flodmynningar;Kalmar län;Västervik;WA62188433;WA62188433;822699;2019-12-16;2019;12;16;0,50;0,50;Vattenkemi i vattendrag;;0,97;µg/l
Botorpström Brunnsö;18966;SE639339-154122;6392240;589240;6392208;589249;SWEREF 99 TM;Vattendrag;Sötvatten;NMÖ;Flodmynningar;Kalmar län;Västervik;WA62188433;WA62188433;830001;2020-01-13;2020;1;13;0,50;0,50;Vattenkemi i vattendrag;;1;µg/l
Botorpström Brunnsö;18966;SE639339-154122;6392240;589240;6392208;589249;SWEREF 99 TM;Vattendrag;Sötvatten;NMÖ;Flodmynningar;Kalmar län;Västervik;WA62188433;WA62188433;830018;2020-02-17;2020;2;17;0,50;0,50;Vattenkemi i vattendrag;;0,94;µg/l
Ljungbyån Ljungbyholm;18967;SE627831-152255;6276986;571938;6277028;571895;SWEREF 99 TM;Vattendrag;Sötvatten;NMÖ;Flodmynningar;Kalmar län;Kalmar;WA98903891;WA98903891;383070;2016-01-19;2016;1;19;0,50;0,50;;;1,1;µg/l
Ljungbyån Ljungbyholm;18967;SE627831-152255;6276986;571938;6277028;571895;SWEREF 99 TM;Vattendrag;Sötvatten;NMÖ;Flodmynningar;Kalmar län;Kalmar;WA98903891;WA98903891;383250;2016-02-16;2016;2;16;0,50;0,50;;;1;µg/l
Ljungbyån Ljungbyholm;18967;SE627831-152255;6276986;571938;6277028;571895;SWEREF 99 TM;Vattendrag;Sötvatten;NMÖ;Flodmynningar;Kalmar län;Kalmar;WA98903891;WA98903891;446772;2016-03-21;2016;3;21;0,50;0,50;;;0,96;µg/l
Ljungbyån Ljungbyholm;18967;SE627831-152255;6276986;571938;6277028;571895;SWEREF 99 TM;Vattendrag;Sötvatten;NMÖ;Flodmynningar;Kalmar län;Kalmar;WA98903891;WA98903891;470887;2016-04-18;2016;4;18;0,50;0,50;;;0,88;µg/l
Ljungbyån Ljungbyholm;18967;SE627831-152255;6276986;571938;6277028;571895;SWEREF 99 TM;Vattendrag;Sötvatten;NMÖ;Flodmynningar;Kalmar län;Kalmar;WA98903891;WA98903891;500381;2016-05-12;2016;5;12;0,50;0,50;;;1;µg/l
Ljungbyån Ljungbyholm;18967;SE627831-152255;6276986;571938;6277028;571895;SWEREF 99 TM;Vattendrag;Sötvatten;NMÖ;Flodmynningar;Kalmar län;Kalmar;WA98903891;WA98903891;500928;2016-06-16;2016;6;16;0,50;0,50;;;0,78;µg/l
Ljungbyån Ljungbyholm;18967;SE627831-152255;6276986;571938;6277028;571895;SWEREF 99 TM;Vattendrag;Sötvatten;NMÖ;Flodmynningar;Kalmar län;Kalmar;WA98903891;WA98903891;516085;2016-07-14;2016;7;14;0,50;0,50;;;0,85;µg/l
Ljungbyån Ljungbyholm;18967;SE627831-152255;6276986;571938;6277028;571895;SWEREF 99 TM;Vattendrag;Sötvatten;NMÖ;Flodmynningar;Kalmar län;Kalmar;WA98903891;WA98903891;524942;2016-08-29;2016;8;29;0,30;0,30;;ursäkta dröjsmålet varit bortrest;3,1;µg/l
Ljungbyån Ljungbyholm;18967;SE627831-152255;6276986;571938;6277028;571895;SWEREF 99 TM;Vattendrag;Sötvatten;NMÖ;Flodmynningar;Kalmar län;Kalmar;WA98903891;WA98903891;543622;2016-09-21;2016;9;21;0,50;0,50;;;0,56;µg/l
Ljungbyån Ljungbyholm;18967;SE627831-152255;6276986;571938;6277028;571895;SWEREF 99 TM;Vattendrag;Sötvatten;NMÖ;Flodmynningar;Kalmar län;Kalmar;WA98903891;WA98903891;543958;2016-10-18;2016;10;18;0,50;0,50;;;0,68;µg/l
Ljungbyån Ljungbyholm;18967;SE627831-152255;6276986;571938;6277028;571895;SWEREF 99 TM;Vattendrag;Sötvatten;NMÖ;Flodmynningar;Kalmar län;Kalmar;WA98903891;WA98903891;549585;2016-11-22;2016;11;22;0,50;0,50;;;1,9;µg/l
Ljungbyån Ljungbyholm;18967;SE627831-152255;6276986;571938;6277028;571895;SWEREF 99 TM;Vattendrag;Sötvatten;NMÖ;Flodmynningar;Kalmar län;Kalmar;WA98903891;WA98903891;556847;2016-12-20;2016;12;20;0,50;0,50;;;1,4;µg/l
Ljungbyån Ljungbyholm;18967;SE627831-152255;6276986;571938;6277028;571895;SWEREF 99 TM;Vattendrag;Sötvatten;NMÖ;Flodmynningar;Kalmar län;Kalmar;WA98903891;WA98903891;589054;2017-01-30;2017;1;30;0,50;0,50;;;1,4;µg/l
Ljungbyån Ljungbyholm;18967;SE627831-152255;6276986;571938;6277028;571895;SWEREF 99 TM;Vattendrag;Sötvatten;NMÖ;Flodmynningar;Kalmar län;Kalmar;WA98903891;WA98903891;607842;2017-02-20;2017;2;20;0,50;0,50;;;1,4;µg/l
Ljungbyån Ljungbyholm;18967;SE627831-152255;6276986;571938;6277028;571895;SWEREF 99 TM;Vattendrag;Sötvatten;NMÖ;Flodmynningar;Kalmar län;Kalmar;WA98903891;WA98903891;624527;2017-03-23;2017;3;23;0,50;0,50;;;1,5;µg/l
Ljungbyån Ljungbyholm;18967;SE627831-152255;6276986;571938;6277028;571895;SWEREF 99 TM;Vattendrag;Sötvatten;NMÖ;Flodmynningar;Kalmar län;Kalmar;WA98903891;WA98903891;627710;2017-04-19;2017;4;19;0,50;0,50;;;1,5;µg/l
Ljungbyån Ljungbyholm;18967;SE627831-152255;6276986;571938;6277028;571895;SWEREF 99 TM;Vattendrag;Sötvatten;NMÖ;Flodmynningar;Kalmar län;Kalmar;WA98903891;WA98903891;651018;2017-05-17;2017;5;17;0,50;0,50;;;1,1;µg/l
Ljungbyån Ljungbyholm;18967;SE627831-152255;6276986;571938;6277028;571895;SWEREF 99 TM;Vattendrag;Sötvatten;NMÖ;Flodmynningar;Kalmar län;Kalmar;WA98903891;WA98903891;651344;2017-06-14;2017;6;14;0,50;0,50;;;0,97;µg/l
Ljungbyån Ljungbyholm;18967;SE627831-152255;6276986;571938;6277028;571895;SWEREF 99 TM;Vattendrag;Sötvatten;NMÖ;Flodmynningar;Kalmar län;Kalmar;WA98903891;WA98903891;666684;2017-07-13;2017;7;13;0,50;0,50;Vattenkemi i vattendrag;;1;µg/l
Ljungbyån Ljungbyholm;18967;SE627831-152255;6276986;571938;6277028;571895;SWEREF 99 TM;Vattendrag;Sötvatten;NMÖ;Flodmynningar;Kalmar län;Kalmar;WA98903891;WA98903891;689167;2017-08-23;2017;8;23;0,50;0,50;Vattenkemi i vattendrag;Lågvatten.;0,76;µg/l
Ljungbyån Ljungbyholm;18967;SE627831-152255;6276986;571938;6277028;571895;SWEREF 99 TM;Vattendrag;Sötvatten;NMÖ;Flodmynningar;Kalmar län;Kalmar;WA98903891;WA98903891;703724;2017-09-26;2017;9;26;0,50;0,50;Vattenkemi i vattendrag;;1,1;µg/l
Ljungbyån Ljungbyholm;18967;SE627831-152255;6276986;571938;6277028;571895;SWEREF 99 TM;Vattendrag;Sötvatten;NMÖ;Flodmynningar;Kalmar län;Kalmar;WA98903891;WA98903891;704289;2017-10-25;2017;10;25;0,50;0,50;Vattenkemi i vattendrag;;2;µg/l
Ljungbyån Ljungbyholm;18967;SE627831-152255;6276986;571938;6277028;571895;SWEREF 99 TM;Vattendrag;Sötvatten;NMÖ;Flodmynningar;Kalmar län;Kalmar;WA98903891;WA98903891;707560;2017-11-24;2017;11;24;0,50;0,50;Vattenkemi i vattendrag;;1,5;µg/l
Ljungbyån Ljungbyholm;18967;SE627831-152255;6276986;571938;6277028;571895;SWEREF 99 TM;Vattendrag;Sötvatten;NMÖ;Flodmynningar;Kalmar län;Kalmar;WA98903891;WA98903891;708822;2017-12-19;2017;12;19;0,50;0,50;Vattenkemi i vattendrag;;1,8;µg/l
Ljungbyån Ljungbyholm;18967;SE627831-152255;6276986;571938;6277028;571895;SWEREF 99 TM;Vattendrag;Sötvatten;NMÖ;Flodmynningar;Kalmar län;Kalmar;WA98903891;WA98903891;716890;2018-01-18;2018;1;18;0,50;0,50;Vattenkemi i vattendrag;;1,4;µg/l
Ljungbyån Ljungbyholm;18967;SE627831-152255;6276986;571938;6277028;571895;SWEREF 99 TM;Vattendrag;Sötvatten;NMÖ;Flodmynningar;Kalmar län;Kalmar;WA98903891;WA98903891;720552;2018-02-15;2018;2;15;0,50;0,50;Vattenkemi i vattendrag;;1,5;µg/l
Ljungbyån Ljungbyholm;18967;SE627831-152255;6276986;571938;6277028;571895;SWEREF 99 TM;Vattendrag;Sötvatten;NMÖ;Flodmynningar;Kalmar län;Kalmar;WA98903891;WA98903891;725266;2018-03-19;2018;3;19;0,50;0,50;Vattenkemi i vattendrag;;1,8;µg/l
Ljungbyån Ljungbyholm;18967;SE627831-152255;6276986;571938;6277028;571895;SWEREF 99 TM;Vattendrag;Sötvatten;NMÖ;Flodmynningar;Kalmar län;Kalmar;WA98903891;WA98903891;730730;2018-04-17;2018;4;17;0,50;0,50;Vattenkemi i vattendrag;;1,4;µg/l
Ljungbyån Ljungbyholm;18967;SE627831-152255;6276986;571938;6277028;571895;SWEREF 99 TM;Vattendrag;Sötvatten;NMÖ;Flodmynningar;Kalmar län;Kalmar;WA98903891;WA98903891;735583;2018-05-18;2018;5;18;0,50;0,50;Vattenkemi i vattendrag;;1,4;µg/l
Ljungbyån Ljungbyholm;18967;SE627831-152255;6276986;571938;6277028;571895;SWEREF 99 TM;Vattendrag;Sötvatten;NMÖ;Flodmynningar;Kalmar län;Kalmar;WA98903891;WA98903891;736586;2018-06-19;2018;6;19;0,50;0,50;Vattenkemi i vattendrag;;0,98;µg/l
Ljungbyån Ljungbyholm;18967;SE627831-152255;6276986;571938;6277028;571895;SWEREF 99 TM;Vattendrag;Sötvatten;NMÖ;Flodmynningar;Kalmar län;Kalmar;WA98903891;WA98903891;748510;2018-07-23;2018;7;23;0,50;0,50;Vattenkemi i vattendrag;;0,88;µg/l
Ljungbyån Ljungbyholm;18967;SE627831-152255;6276986;571938;6277028;571895;SWEREF 99 TM;Vattendrag;Sötvatten;NMÖ;Flodmynningar;Kalmar län;Kalmar;WA98903891;WA98903891;752501;2018-09-06;2018;9;6;0,50;0,50;Vattenkemi i vattendrag;;0,71;µg/l
Ljungbyån Ljungbyholm;18967;SE627831-152255;6276986;571938;6277028;571895;SWEREF 99 TM;Vattendrag;Sötvatten;NMÖ;Flodmynningar;Kalmar län;Kalmar;WA98903891;WA98903891;756619;2018-09-18;2018;9;18;0,50;0,50;Vattenkemi i vattendrag;;0,82;µg/l
Ljungbyån Ljungbyholm;18967;SE627831-152255;6276986;571938;6277028;571895;SWEREF 99 TM;Vattendrag;Sötvatten;NMÖ;Flodmynningar;Kalmar län;Kalmar;WA98903891;WA98903891;758734;2018-10-23;2018;10;23;0,50;0,50;Vattenkemi i vattendrag;;0,87;µg/l
Ljungbyån Ljungbyholm;18967;SE627831-152255;6276986;571938;6277028;571895;SWEREF 99 TM;Vattendrag;Sötvatten;NMÖ;Flodmynningar;Kalmar län;Kalmar;WA98903891;WA98903891;763790;2018-11-22;2018;11;22;0,50;0,50;Vattenkemi i vattendrag;;0,85;µg/l
Ljungbyån Ljungbyholm;18967;SE627831-152255;6276986;571938;6277028;571895;SWEREF 99 TM;Vattendrag;Sötvatten;NMÖ;Flodmynningar;Kalmar län;Kalmar;WA98903891;WA98903891;764807;2018-12-17;2018;12;17;0,50;0,50;Vattenkemi i vattendrag;;1,1;µg/l
Ljungbyån Ljungbyholm;18967;SE627831-152255;6276986;571938;6277028;571895;SWEREF 99 TM;Vattendrag;Sötvatten;NMÖ;Flodmynningar;Kalmar län;Kalmar;WA98903891;WA98903891;771854;2019-01-21;2019;1;21;0,50;0,50;Vattenkemi i vattendrag;mkt änder;1;µg/l
Ljungbyån Ljungbyholm;18967;SE627831-152255;6276986;571938;6277028;571895;SWEREF 99 TM;Vattendrag;Sötvatten;NMÖ;Flodmynningar;Kalmar län;Kalmar;WA98903891;WA98903891;771969;2019-02-20;2019;2;20;0,50;0,50;Vattenkemi i vattendrag;;1,5;µg/l
Ljungbyån Ljungbyholm;18967;SE627831-152255;6276986;571938;6277028;571895;SWEREF 99 TM;Vattendrag;Sötvatten;NMÖ;Flodmynningar;Kalmar län;Kalmar;WA98903891;WA98903891;776446;2019-03-12;2019;3;12;0,50;0,50;Vattenkemi i vattendrag;;1,5;µg/l
Ljungbyån Ljungbyholm;18967;SE627831-152255;6276986;571938;6277028;571895;SWEREF 99 TM;Vattendrag;Sötvatten;NMÖ;Flodmynningar;Kalmar län;Kalmar;WA98903891;WA98903891;777311;2019-04-09;2019;4;9;0,50;0,50;Vattenkemi i vattendrag;Isbelagd.;1,3;µg/l
Ljungbyån Ljungbyholm;18967;SE627831-152255;6276986;571938;6277028;571895;SWEREF 99 TM;Vattendrag;Sötvatten;NMÖ;Flodmynningar;Kalmar län;Kalmar;WA98903891;WA98903891;786458;2019-05-14;2019;5;14;0,50;0,50;Vattenkemi i vattendrag;;1,2;µg/l
Ljungbyån Ljungbyholm;18967;SE627831-152255;6276986;571938;6277028;571895;SWEREF 99 TM;Vattendrag;Sötvatten;NMÖ;Flodmynningar;Kalmar län;Kalmar;WA98903891;WA98903891;786601;2019-06-17;2019;6;17;0,50;0,50;Vattenkemi i vattendrag;;1;µg/l
Ljungbyån Ljungbyholm;18967;SE627831-152255;6276986;571938;6277028;571895;SWEREF 99 TM;Vattendrag;Sötvatten;NMÖ;Flodmynningar;Kalmar län;Kalmar;WA98903891;WA98903891;789658;2019-07-15;2019;7;15;0,50;0,50;Vattenkemi i vattendrag;;1;µg/l
Ljungbyån Ljungbyholm;18967;SE627831-152255;6276986;571938;6277028;571895;SWEREF 99 TM;Vattendrag;Sötvatten;NMÖ;Flodmynningar;Kalmar län;Kalmar;WA98903891;WA98903891;789765;2019-08-19;2019;8;19;0,50;0,50;Vattenkemi i vattendrag;;0,79;µg/l
Ljungbyån Ljungbyholm;18967;SE627831-152255;6276986;571938;6277028;571895;SWEREF 99 TM;Vattendrag;Sötvatten;NMÖ;Flodmynningar;Kalmar län;Kalmar;WA98903891;WA98903891;796679;2019-09-26;2019;9;26;0,50;0,50;Vattenkemi i vattendrag;;0,65;µg/l
Ljungbyån Ljungbyholm;18967;SE627831-152255;6276986;571938;6277028;571895;SWEREF 99 TM;Vattendrag;Sötvatten;NMÖ;Flodmynningar;Kalmar län;Kalmar;WA98903891;WA98903891;817276;2019-10-16;2019;10;16;0,50;0,50;Vattenkemi i vattendrag;;0,72;µg/l
Ljungbyån Ljungbyholm;18967;SE627831-152255;6276986;571938;6277028;571895;SWEREF 99 TM;Vattendrag;Sötvatten;NMÖ;Flodmynningar;Kalmar län;Kalmar;WA98903891;WA98903891;822388;2019-11-19;2019;11;19;0,50;0,50;Vattenkemi i vattendrag;;1,3;µg/l
Ljungbyån Ljungbyholm;18967;SE627831-152255;6276986;571938;6277028;571895;SWEREF 99 TM;Vattendrag;Sötvatten;NMÖ;Flodmynningar;Kalmar län;Kalmar;WA98903891;WA98903891;822701;2019-12-17;2019;12;17;0,50;0,50;Vattenkemi i vattendrag;;1,5;µg/l
Ljungbyån Ljungbyholm;18967;SE627831-152255;6276986;571938;6277028;571895;SWEREF 99 TM;Vattendrag;Sötvatten;NMÖ;Flodmynningar;Kalmar län;Kalmar;WA98903891;WA98903891;830003;2020-01-16;2020;1;16;0,50;0,50;Vattenkemi i vattendrag;;1,7;µg/l
Ljungbyån Ljungbyholm;18967;SE627831-152255;6276986;571938;6277028;571895;SWEREF 99 TM;Vattendrag;Sötvatten;NMÖ;Flodmynningar;Kalmar län;Kalmar;WA98903891;WA98903891;830020;2020-02-12;2020;2;12;0,50;0,50;Vattenkemi i vattendrag;;1,9;µg/l
Emån Emsfors;18974;SE633520-153920;6334048;587911;6334282;587847;SWEREF 99 TM;Vattendrag;Sötvatten;NMÖ;Flodmynningar;Kalmar län;Mönsterås;WA19847939;WA19847939;382922;2016-01-12;2016;1;12;0,50;0,50;;;1,1;µg/l
Emån Emsfors;18974;SE633520-153920;6334048;587911;6334282;587847;SWEREF 99 TM;Vattendrag;Sötvatten;NMÖ;Flodmynningar;Kalmar län;Mönsterås;WA19847939;WA19847939;383196;2016-02-15;2016;2;15;0,50;0,50;;;1,3;µg/l
Emån Emsfors;18974;SE633520-153920;6334048;587911;6334282;587847;SWEREF 99 TM;Vattendrag;Sötvatten;NMÖ;Flodmynningar;Kalmar län;Mönsterås;WA19847939;WA19847939;446425;2016-03-14;2016;3;14;0,50;0,50;;;1,2;µg/l
Emån Emsfors;18974;SE633520-153920;6334048;587911;6334282;587847;SWEREF 99 TM;Vattendrag;Sötvatten;NMÖ;Flodmynningar;Kalmar län;Mönsterås;WA19847939;WA19847939;470882;2016-04-13;2016;4;13;0,50;0,50;;;1,1;µg/l
Emån Emsfors;18974;SE633520-153920;6334048;587911;6334282;587847;SWEREF 99 TM;Vattendrag;Sötvatten;NMÖ;Flodmynningar;Kalmar län;Mönsterås;WA19847939;WA19847939;500390;2016-05-16;2016;5;16;0,50;0,50;;;1;µg/l
Emån Emsfors;18974;SE633520-153920;6334048;587911;6334282;587847;SWEREF 99 TM;Vattendrag;Sötvatten;NMÖ;Flodmynningar;Kalmar län;Mönsterås;WA19847939;WA19847939;500889;2016-06-14;2016;6;14;0,50;0,50;;;0,94;µg/l
Emån Emsfors;18974;SE633520-153920;6334048;587911;6334282;587847;SWEREF 99 TM;Vattendrag;Sötvatten;NMÖ;Flodmynningar;Kalmar län;Mönsterås;WA19847939;WA19847939;515995;2016-07-13;2016;7;13;0,50;0,50;;;0,92;µg/l
Emån Emsfors;18974;SE633520-153920;6334048;587911;6334282;587847;SWEREF 99 TM;Vattendrag;Sötvatten;NMÖ;Flodmynningar;Kalmar län;Mönsterås;WA19847939;WA19847939;524531;2016-08-15;2016;8;15;0,50;0,50;;;0,82;µg/l
Emån Emsfors;18974;SE633520-153920;6334048;587911;6334282;587847;SWEREF 99 TM;Vattendrag;Sötvatten;NMÖ;Flodmynningar;Kalmar län;Mönsterås;WA19847939;WA19847939;543414;2016-09-13;2016;9;13;0,50;0,50;;;0,8;µg/l
Emån Emsfors;18974;SE633520-153920;6334048;587911;6334282;587847;SWEREF 99 TM;Vattendrag;Sötvatten;NMÖ;Flodmynningar;Kalmar län;Mönsterås;WA19847939;WA19847939;543696;2016-10-11;2016;10;11;0,50;0,50;;;0,77;µg/l
Emån Emsfors;18974;SE633520-153920;6334048;587911;6334282;587847;SWEREF 99 TM;Vattendrag;Sötvatten;NMÖ;Flodmynningar;Kalmar län;Mönsterås;WA19847939;WA19847939;549454;2016-11-15;2016;11;15;0,50;0,50;;;1,7;µg/l
Emån Emsfors;18974;SE633520-153920;6334048;587911;6334282;587847;SWEREF 99 TM;Vattendrag;Sötvatten;NMÖ;Flodmynningar;Kalmar län;Mönsterås;WA19847939;WA19847939;556808;2016-12-12;2016;12;12;0,50;0,50;;;1,4;µg/l
Emån Emsfors;18974;SE633520-153920;6334048;587911;6334282;587847;SWEREF 99 TM;Vattendrag;Sötvatten;NMÖ;Flodmynningar;Kalmar län;Mönsterås;WA19847939;WA19847939;589011;2017-01-17;2017;1;17;0,20;0,20;;;1,3;µg/l
Emån Emsfors;18974;SE633520-153920;6334048;587911;6334282;587847;SWEREF 99 TM;Vattendrag;Sötvatten;NMÖ;Flodmynningar;Kalmar län;Mönsterås;WA19847939;WA19847939;607669;2017-02-14;2017;2;14;0,50;0,50;;;1,1;µg/l
Emån Emsfors;18974;SE633520-153920;6334048;587911;6334282;587847;SWEREF 99 TM;Vattendrag;Sötvatten;NMÖ;Flodmynningar;Kalmar län;Mönsterås;WA19847939;WA19847939;624486;2017-03-20;2017;3;20;0,30;0,30;;;1,3;µg/l
Emån Emsfors;18974;SE633520-153920;6334048;587911;6334282;587847;SWEREF 99 TM;Vattendrag;Sötvatten;NMÖ;Flodmynningar;Kalmar län;Mönsterås;WA19847939;WA19847939;627846;2017-04-20;2017;4;20;0,50;0,50;;;1,1;µg/l
Emån Emsfors;18974;SE633520-153920;6334048;587911;6334282;587847;SWEREF 99 TM;Vattendrag;Sötvatten;NMÖ;Flodmynningar;Kalmar län;Mönsterås;WA19847939;WA19847939;651140;2017-05-23;2017;5;23;0,20;0,20;;;0,97;µg/l
Emån Emsfors;18974;SE633520-153920;6334048;587911;6334282;587847;SWEREF 99 TM;Vattendrag;Sötvatten;NMÖ;Flodmynningar;Kalmar län;Mönsterås;WA19847939;WA19847939;651572;2017-06-20;2017;6;20;0,20;0,20;;;1,2;µg/l
Emån Emsfors;18974;SE633520-153920;6334048;587911;6334282;587847;SWEREF 99 TM;Vattendrag;Sötvatten;NMÖ;Flodmynningar;Kalmar län;Mönsterås;WA19847939;WA19847939;666606;2017-07-11;2017;7;11;0,20;0,20;Vattenkemi i vattendrag;;1;µg/l
Emån Emsfors;18974;SE633520-153920;6334048;587911;6334282;587847;SWEREF 99 TM;Vattendrag;Sötvatten;NMÖ;Flodmynningar;Kalmar län;Mönsterås;WA19847939;WA19847939;689166;2017-08-24;2017;8;24;0,50;0,50;Vattenkemi i vattendrag;;0,73;µg/l
Emån Emsfors;18974;SE633520-153920;6334048;587911;6334282;587847;SWEREF 99 TM;Vattendrag;Sötvatten;NMÖ;Flodmynningar;Kalmar län;Mönsterås;WA19847939;WA19847939;703684;2017-09-18;2017;9;18;0,20;0,20;Vattenkemi i vattendrag;;0,77;µg/l
Emån Emsfors;18974;SE633520-153920;6334048;587911;6334282;587847;SWEREF 99 TM;Vattendrag;Sötvatten;NMÖ;Flodmynningar;Kalmar län;Mönsterås;WA19847939;WA19847939;704200;2017-10-16;2017;10;16;0,50;0,50;Vattenkemi i vattendrag;Metaller körda från icke syradiskad flaska;0,95;µg/l
Emån Emsfors;18974;SE633520-153920;6334048;587911;6334282;587847;SWEREF 99 TM;Vattendrag;Sötvatten;NMÖ;Flodmynningar;Kalmar län;Mönsterås;WA19847939;WA19847939;707430;2017-11-21;2017;11;21;0,20;0,20;Vattenkemi i vattendrag;;1,3;µg/l
Emån Emsfors;18974;SE633520-153920;6334048;587911;6334282;587847;SWEREF 99 TM;Vattendrag;Sötvatten;NMÖ;Flodmynningar;Kalmar län;Mönsterås;WA19847939;WA19847939;707580;2017-12-11;2017;12;11;0,20;0,20;Vattenkemi i vattendrag;;1,6;µg/l
Emån Emsfors;18974;SE633520-153920;6334048;587911;6334282;587847;SWEREF 99 TM;Vattendrag;Sötvatten;NMÖ;Flodmynningar;Kalmar län;Mönsterås;WA19847939;WA19847939;716888;2018-01-16;2018;1;16;0,30;0,30;Vattenkemi i vattendrag;;1,7;µg/l
Emån Emsfors;18974;SE633520-153920;6334048;587911;6334282;587847;SWEREF 99 TM;Vattendrag;Sötvatten;NMÖ;Flodmynningar;Kalmar län;Mönsterås;WA19847939;WA19847939;720547;2018-02-13;2018;2;13;0,20;0,20;Vattenkemi i vattendrag;;1,5;µg/l
Emån Emsfors;18974;SE633520-153920;6334048;587911;6334282;587847;SWEREF 99 TM;Vattendrag;Sötvatten;NMÖ;Flodmynningar;Kalmar län;Mönsterås;WA19847939;WA19847939;725159;2018-03-12;2018;3;12;0,30;0,30;Vattenkemi i vattendrag;;1,4;µg/l
Emån Emsfors;18974;SE633520-153920;6334048;587911;6334282;587847;SWEREF 99 TM;Vattendrag;Sötvatten;NMÖ;Flodmynningar;Kalmar län;Mönsterås;WA19847939;WA19847939;730757;2018-04-16;2018;4;16;0,30;0,30;Vattenkemi i vattendrag;;1,4;µg/l
Emån Emsfors;18974;SE633520-153920;6334048;587911;6334282;587847;SWEREF 99 TM;Vattendrag;Sötvatten;NMÖ;Flodmynningar;Kalmar län;Mönsterås;WA19847939;WA19847939;735582;2018-05-15;2018;5;15;0,30;0,30;Vattenkemi i vattendrag;;1,4;µg/l
Emån Emsfors;18974;SE633520-153920;6334048;587911;6334282;587847;SWEREF 99 TM;Vattendrag;Sötvatten;NMÖ;Flodmynningar;Kalmar län;Mönsterås;WA19847939;WA19847939;736585;2018-06-18;2018;6;18;0,50;0,50;Vattenkemi i vattendrag;;1;µg/l
Emån Emsfors;18974;SE633520-153920;6334048;587911;6334282;587847;SWEREF 99 TM;Vattendrag;Sötvatten;NMÖ;Flodmynningar;Kalmar län;Mönsterås;WA19847939;WA19847939;748509;2018-07-17;2018;7;17;0,10;0,10;Vattenkemi i vattendrag;;1,1;µg/l
Emån Emsfors;18974;SE633520-153920;6334048;587911;6334282;587847;SWEREF 99 TM;Vattendrag;Sötvatten;NMÖ;Flodmynningar;Kalmar län;Mönsterås;WA19847939;WA19847939;751485;2018-08-21;2018;8;21;0,40;0,40;Vattenkemi i vattendrag;;0,79;µg/l
Emån Emsfors;18974;SE633520-153920;6334048;587911;6334282;587847;SWEREF 99 TM;Vattendrag;Sötvatten;NMÖ;Flodmynningar;Kalmar län;Mönsterås;WA19847939;WA19847939;756618;2018-09-18;2018;9;18;0,50;0,50;Vattenkemi i vattendrag;;0,77;µg/l
Emån Emsfors;18974;SE633520-153920;6334048;587911;6334282;587847;SWEREF 99 TM;Vattendrag;Sötvatten;NMÖ;Flodmynningar;Kalmar län;Mönsterås;WA19847939;WA19847939;758733;2018-10-17;2018;10;17;0,30;0,30;Vattenkemi i vattendrag;;0,8;µg/l
Emån Emsfors;18974;SE633520-153920;6334048;587911;6334282;587847;SWEREF 99 TM;Vattendrag;Sötvatten;NMÖ;Flodmynningar;Kalmar län;Mönsterås;WA19847939;WA19847939;763770;2018-11-13;2018;11;13;0,50;0,50;Vattenkemi i vattendrag;;0,87;µg/l
Emån Emsfors;18974;SE633520-153920;6334048;587911;6334282;587847;SWEREF 99 TM;Vattendrag;Sötvatten;NMÖ;Flodmynningar;Kalmar län;Mönsterås;WA19847939;WA19847939;764775;2018-12-10;2018;12;10;0,30;0,30;Vattenkemi i vattendrag;;1;µg/l
Emån Emsfors;18974;SE633520-153920;6334048;587911;6334282;587847;SWEREF 99 TM;Vattendrag;Sötvatten;NMÖ;Flodmynningar;Kalmar län;Mönsterås;WA19847939;WA19847939;771959;2019-01-15;2019;1;15;0,40;0,40;Vattenkemi i vattendrag;;1,2;µg/l
Emån Emsfors;18974;SE633520-153920;6334048;587911;6334282;587847;SWEREF 99 TM;Vattendrag;Sötvatten;NMÖ;Flodmynningar;Kalmar län;Mönsterås;WA19847939;WA19847939;771977;2019-02-18;2019;2;18;0,50;0,50;Vattenkemi i vattendrag;;1,4;µg/l
Emån Emsfors;18974;SE633520-153920;6334048;587911;6334282;587847;SWEREF 99 TM;Vattendrag;Sötvatten;NMÖ;Flodmynningar;Kalmar län;Mönsterås;WA19847939;WA19847939;776418;2019-03-11;2019;3;11;0,50;0,50;Vattenkemi i vattendrag;;1,4;µg/l
Emån Emsfors;18974;SE633520-153920;6334048;587911;6334282;587847;SWEREF 99 TM;Vattendrag;Sötvatten;NMÖ;Flodmynningar;Kalmar län;Mönsterås;WA19847939;WA19847939;777257;2019-04-15;2019;4;15;0,40;0,40;Vattenkemi i vattendrag;;1,4;µg/l
Emån Emsfors;18974;SE633520-153920;6334048;587911;6334282;587847;SWEREF 99 TM;Vattendrag;Sötvatten;NMÖ;Flodmynningar;Kalmar län;Mönsterås;WA19847939;WA19847939;786457;2019-05-14;2019;5;14;0,30;0,30;Vattenkemi i vattendrag;;1,2;µg/l
Emån Emsfors;18974;SE633520-153920;6334048;587911;6334282;587847;SWEREF 99 TM;Vattendrag;Sötvatten;NMÖ;Flodmynningar;Kalmar län;Mönsterås;WA19847939;WA19847939;786600;2019-06-10;2019;6;10;0,50;0,50;Vattenkemi i vattendrag;;1,1;µg/l
Emån Emsfors;18974;SE633520-153920;6334048;587911;6334282;587847;SWEREF 99 TM;Vattendrag;Sötvatten;NMÖ;Flodmynningar;Kalmar län;Mönsterås;WA19847939;WA19847939;789681;2019-07-16;2019;7;16;0,20;0,20;Vattenkemi i vattendrag;;0,94;µg/l
Emån Emsfors;18974;SE633520-153920;6334048;587911;6334282;587847;SWEREF 99 TM;Vattendrag;Sötvatten;NMÖ;Flodmynningar;Kalmar län;Mönsterås;WA19847939;WA19847939;789820;2019-08-20;2019;8;20;0,20;0,20;Vattenkemi i vattendrag;;0,83;µg/l
Emån Emsfors;18974;SE633520-153920;6334048;587911;6334282;587847;SWEREF 99 TM;Vattendrag;Sötvatten;NMÖ;Flodmynningar;Kalmar län;Mönsterås;WA19847939;WA19847939;796678;2019-09-10;2019;9;10;0,20;0,20;Vattenkemi i vattendrag;;0,76;µg/l
Emån Emsfors;18974;SE633520-153920;6334048;587911;6334282;587847;SWEREF 99 TM;Vattendrag;Sötvatten;NMÖ;Flodmynningar;Kalmar län;Mönsterås;WA19847939;WA19847939;817275;2019-10-15;2019;10;15;0,20;0,20;Vattenkemi i vattendrag;;0,8;µg/l
Emån Emsfors;18974;SE633520-153920;6334048;587911;6334282;587847;SWEREF 99 TM;Vattendrag;Sötvatten;NMÖ;Flodmynningar;Kalmar län;Mönsterås;WA19847939;WA19847939;822387;2019-11-12;2019;11;12;0,30;0,30;Vattenkemi i vattendrag;;0,98;µg/l
Emån Emsfors;18974;SE633520-153920;6334048;587911;6334282;587847;SWEREF 99 TM;Vattendrag;Sötvatten;NMÖ;Flodmynningar;Kalmar län;Mönsterås;WA19847939;WA19847939;822700;2019-12-09;2019;12;9;0,40;0,40;Vattenkemi i vattendrag;;1,1;µg/l
Emån Emsfors;18974;SE633520-153920;6334048;587911;6334282;587847;SWEREF 99 TM;Vattendrag;Sötvatten;NMÖ;Flodmynningar;Kalmar län;Mönsterås;WA19847939;WA19847939;830002;2020-01-20;2020;1;20;0,40;0,40;Vattenkemi i vattendrag;;1,4;µg/l
Emån Emsfors;18974;SE633520-153920;6334048;587911;6334282;587847;SWEREF 99 TM;Vattendrag;Sötvatten;NMÖ;Flodmynningar;Kalmar län;Mönsterås;WA19847939;WA19847939;830019;2020-02-17;2020;2;17;0,30;0,30;Vattenkemi i vattendrag;;1,8;µg/l
Stora Binga;27035;SE627888-152532;6277588;574700;6277588;574699;SWEREF 99 TM;Vattendrag;Sötvatten;SRK;Ljungbyån;Kalmar län;Kalmar;WA98903891;WA98903891;766109;2018-02-12;2018;2;12;0,20;0,20;Vattenkemi i vattendrag;;1,6;µg/l
Stora Binga;27035;SE627888-152532;6277588;574700;6277588;574699;SWEREF 99 TM;Vattendrag;Sötvatten;SRK;Ljungbyån;Kalmar län;Kalmar;WA98903891;WA98903891;766110;2018-04-16;2018;4;16;0,20;0,20;Vattenkemi i vattendrag;;1,7;µg/l
Stora Binga;27035;SE627888-152532;6277588;574700;6277588;574699;SWEREF 99 TM;Vattendrag;Sötvatten;SRK;Ljungbyån;Kalmar län;Kalmar;WA98903891;WA98903891;766111;2018-06-11;2018;6;11;0,20;0,20;Vattenkemi i vattendrag;;1,2;µg/l
Stora Binga;27035;SE627888-152532;6277588;574700;6277588;574699;SWEREF 99 TM;Vattendrag;Sötvatten;SRK;Ljungbyån;Kalmar län;Kalmar;WA98903891;WA98903891;766112;2018-08-16;2018;8;16;0,20;0,20;Vattenkemi i vattendrag;;0,76;µg/l
Stora Binga;27035;SE627888-152532;6277588;574700;6277588;574699;SWEREF 99 TM;Vattendrag;Sötvatten;SRK;Ljungbyån;Kalmar län;Kalmar;WA98903891;WA98903891;766107;2018-10-17;2018;10;17;0,20;0,20;Vattenkemi i vattendrag;;1,3;µg/l
Stora Binga;27035;SE627888-152532;6277588;574700;6277588;574699;SWEREF 99 TM;Vattendrag;Sötvatten;SRK;Ljungbyån;Kalmar län;Kalmar;WA98903891;WA98903891;766108;2018-12-11;2018;12;11;0,20;0,20;Vattenkemi i vattendrag;;1;µg/l
Stora Binga;27035;SE627888-152532;6277588;574700;6277588;574699;SWEREF 99 TM;Vattendrag;Sötvatten;SRK;Ljungbyån;Kalmar län;Kalmar;WA98903891;WA98903891;822202;2019-02-14;2019;2;14;0,20;0,20;Vattenkemi i vattendrag;;1,8;µg/l
Stora Binga;27035;SE627888-152532;6277588;574700;6277588;574699;SWEREF 99 TM;Vattendrag;Sötvatten;SRK;Ljungbyån;Kalmar län;Kalmar;WA98903891;WA98903891;822203;2019-04-16;2019;4;16;0,20;0,20;Vattenkemi i vattendrag;;1,3;µg/l
Stora Binga;27035;SE627888-152532;6277588;574700;6277588;574699;SWEREF 99 TM;Vattendrag;Sötvatten;SRK;Ljungbyån;Kalmar län;Kalmar;WA98903891;WA98903891;822204;2019-06-18;2019;6;18;0,20;0,20;Vattenkemi i vattendrag;;1,2;µg/l
Stora Binga;27035;SE627888-152532;6277588;574700;6277588;574699;SWEREF 99 TM;Vattendrag;Sötvatten;SRK;Ljungbyån;Kalmar län;Kalmar;WA98903891;WA98903891;822205;2019-08-19;2019;8;19;0,20;0,20;Vattenkemi i vattendrag;;0,84;µg/l
Stora Binga;27035;SE627888-152532;6277588;574700;6277588;574699;SWEREF 99 TM;Vattendrag;Sötvatten;SRK;Ljungbyån;Kalmar län;Kalmar;WA98903891;WA98903891;822200;2019-10-10;2019;10;10;0,20;0,20;Vattenkemi i vattendrag;;0,76;µg/l
Stora Binga;27035;SE627888-152532;6277588;574700;6277588;574699;SWEREF 99 TM;Vattendrag;Sötvatten;SRK;Ljungbyån;Kalmar län;Kalmar;WA98903891;WA98903891;822201;2019-12-16;2019;12;16;0,20;0,20;Vattenkemi i vattendrag;;1,7;µg/l
Storåns Utl;34724;SE648415-153320;6482867;580140;6482867;580140;SWEREF 99 TM;Vattendrag;Sötvatten;SRK;Motala ström;Östergötlands län;Söderköping;WA53357473;WA53357473;687984;2016-01-12;2016;1;12;0,50;0,50;Vattenkemi i vattendrag;;3;µg/l
Storåns Utl;34724;SE648415-153320;6482867;580140;6482867;580140;SWEREF 99 TM;Vattendrag;Sötvatten;SRK;Motala ström;Östergötlands län;Söderköping;WA53357473;WA53357473;687988;2016-02-23;2016;2;23;0,50;0,50;Vattenkemi i vattendrag;;3,5;µg/l
Storåns Utl;34724;SE648415-153320;6482867;580140;6482867;580140;SWEREF 99 TM;Vattendrag;Sötvatten;SRK;Motala ström;Östergötlands län;Söderköping;WA53357473;WA53357473;687989;2016-03-11;2016;3;11;0,50;0,50;Vattenkemi i vattendrag;;4,2;µg/l
Storåns Utl;34724;SE648415-153320;6482867;580140;6482867;580140;SWEREF 99 TM;Vattendrag;Sötvatten;SRK;Motala ström;Östergötlands län;Söderköping;WA53357473;WA53357473;687990;2016-04-13;2016;4;13;0,50;0,50;Vattenkemi i vattendrag;;4,9;µg/l
Storåns Utl;34724;SE648415-153320;6482867;580140;6482867;580140;SWEREF 99 TM;Vattendrag;Sötvatten;SRK;Motala ström;Östergötlands län;Söderköping;WA53357473;WA53357473;687991;2016-05-20;2016;5;20;0,50;0,50;Vattenkemi i vattendrag;;3,8;µg/l
Storåns Utl;34724;SE648415-153320;6482867;580140;6482867;580140;SWEREF 99 TM;Vattendrag;Sötvatten;SRK;Motala ström;Östergötlands län;Söderköping;WA53357473;WA53357473;687992;2016-06-10;2016;6;10;0,50;0,50;Vattenkemi i vattendrag;;3,4;µg/l
Storåns Utl;34724;SE648415-153320;6482867;580140;6482867;580140;SWEREF 99 TM;Vattendrag;Sötvatten;SRK;Motala ström;Östergötlands län;Söderköping;WA53357473;WA53357473;687993;2016-07-21;2016;7;21;0,50;0,50;Vattenkemi i vattendrag;;2,7;µg/l
Storåns Utl;34724;SE648415-153320;6482867;580140;6482867;580140;SWEREF 99 TM;Vattendrag;Sötvatten;SRK;Motala ström;Östergötlands län;Söderköping;WA53357473;WA53357473;687994;2016-08-12;2016;8;12;0,50;0,50;Vattenkemi i vattendrag;;2,3;µg/l
Storåns Utl;34724;SE648415-153320;6482867;580140;6482867;580140;SWEREF 99 TM;Vattendrag;Sötvatten;SRK;Motala ström;Östergötlands län;Söderköping;WA53357473;WA53357473;687995;2016-09-16;2016;9;16;0,50;0,50;Vattenkemi i vattendrag;;3,7;µg/l
Storåns Utl;34724;SE648415-153320;6482867;580140;6482867;580140;SWEREF 99 TM;Vattendrag;Sötvatten;SRK;Motala ström;Östergötlands län;Söderköping;WA53357473;WA53357473;687985;2016-10-24;2016;10;24;0,50;0,50;Vattenkemi i vattendrag;;5,1;µg/l
Storåns Utl;34724;SE648415-153320;6482867;580140;6482867;580140;SWEREF 99 TM;Vattendrag;Sötvatten;SRK;Motala ström;Östergötlands län;Söderköping;WA53357473;WA53357473;687986;2016-11-25;2016;11;25;0,50;0,50;Vattenkemi i vattendrag;;5,6;µg/l
Storåns Utl;34724;SE648415-153320;6482867;580140;6482867;580140;SWEREF 99 TM;Vattendrag;Sötvatten;SRK;Motala ström;Östergötlands län;Söderköping;WA53357473;WA53357473;687987;2016-12-09;2016;12;9;0,50;0,50;Vattenkemi i vattendrag;;2,8;µg/l
Storåns Utl;34724;SE648415-153320;6482867;580140;6482867;580140;SWEREF 99 TM;Vattendrag;Sötvatten;SRK;Motala ström;Östergötlands län;Söderköping;WA53357473;WA53357473;738679;2017-01-10;2017;1;10;0,50;0,50;Vattenkemi i vattendrag;;3,5;µg/l
Storåns Utl;34724;SE648415-153320;6482867;580140;6482867;580140;SWEREF 99 TM;Vattendrag;Sötvatten;SRK;Motala ström;Östergötlands län;Söderköping;WA53357473;WA53357473;738683;2017-02-07;2017;2;7;0,50;0,50;Vattenkemi i vattendrag;;3,4;µg/l
Storåns Utl;34724;SE648415-153320;6482867;580140;6482867;580140;SWEREF 99 TM;Vattendrag;Sötvatten;SRK;Motala ström;Östergötlands län;Söderköping;WA53357473;WA53357473;738684;2017-03-16;2017;3;16;0,50;0,50;Vattenkemi i vattendrag;;3,2;µg/l
Storåns Utl;34724;SE648415-153320;6482867;580140;6482867;580140;SWEREF 99 TM;Vattendrag;Sötvatten;SRK;Motala ström;Östergötlands län;Söderköping;WA53357473;WA53357473;738685;2017-04-06;2017;4;6;0,50;0,50;Vattenkemi i vattendrag;;3,6;µg/l
Storåns Utl;34724;SE648415-153320;6482867;580140;6482867;580140;SWEREF 99 TM;Vattendrag;Sötvatten;SRK;Motala ström;Östergötlands län;Söderköping;WA53357473;WA53357473;738686;2017-05-11;2017;5;11;0,50;0,50;Vattenkemi i vattendrag;;4;µg/l
Storåns Utl;34724;SE648415-153320;6482867;580140;6482867;580140;SWEREF 99 TM;Vattendrag;Sötvatten;SRK;Motala ström;Östergötlands län;Söderköping;WA53357473;WA53357473;738687;2017-06-12;2017;6;12;0,50;0,50;Vattenkemi i vattendrag;;4,7;µg/l
Storåns Utl;34724;SE648415-153320;6482867;580140;6482867;580140;SWEREF 99 TM;Vattendrag;Sötvatten;SRK;Motala ström;Östergötlands län;Söderköping;WA53357473;WA53357473;738688;2017-07-12;2017;7;12;0,50;0,50;Vattenkemi i vattendrag;;3,7;µg/l
Storåns Utl;34724;SE648415-153320;6482867;580140;6482867;580140;SWEREF 99 TM;Vattendrag;Sötvatten;SRK;Motala ström;Östergötlands län;Söderköping;WA53357473;WA53357473;738689;2017-08-07;2017;8;7;0,50;0,50;Vattenkemi i vattendrag;;2,5;µg/l
Storåns Utl;34724;SE648415-153320;6482867;580140;6482867;580140;SWEREF 99 TM;Vattendrag;Sötvatten;SRK;Motala ström;Östergötlands län;Söderköping;WA53357473;WA53357473;738690;2017-09-15;2017;9;15;0,50;0,50;Vattenkemi i vattendrag;;4,8;µg/l
Storåns Utl;34724;SE648415-153320;6482867;580140;6482867;580140;SWEREF 99 TM;Vattendrag;Sötvatten;SRK;Motala ström;Östergötlands län;Söderköping;WA53357473;WA53357473;738680;2017-10-23;2017;10;23;0,50;0,50;Vattenkemi i vattendrag;;3,5;µg/l
Storåns Utl;34724;SE648415-153320;6482867;580140;6482867;580140;SWEREF 99 TM;Vattendrag;Sötvatten;SRK;Motala ström;Östergötlands län;Söderköping;WA53357473;WA53357473;738681;2017-11-23;2017;11;23;0,50;0,50;Vattenkemi i vattendrag;;8,8;µg/l
Storåns Utl;34724;SE648415-153320;6482867;580140;6482867;580140;SWEREF 99 TM;Vattendrag;Sötvatten;SRK;Motala ström;Östergötlands län;Söderköping;WA53357473;WA53357473;738682;2017-12-19;2017;12;19;0,50;0,50;Vattenkemi i vattendrag;;3,5;µg/l
Storåns Utl;34724;SE648415-153320;6482867;580140;6482867;580140;SWEREF 99 TM;Vattendrag;Sötvatten;SRK;Motala ström;Östergötlands län;Söderköping;WA53357473;WA53357473;785770;2018-01-12;2018;1;12;0,50;0,50;Vattenkemi i vattendrag;;3,3;µg/l
Storåns Utl;34724;SE648415-153320;6482867;580140;6482867;580140;SWEREF 99 TM;Vattendrag;Sötvatten;SRK;Motala ström;Östergötlands län;Söderköping;WA53357473;WA53357473;785774;2018-02-08;2018;2;8;0,50;0,50;Vattenkemi i vattendrag;;4,2;µg/l
Storåns Utl;34724;SE648415-153320;6482867;580140;6482867;580140;SWEREF 99 TM;Vattendrag;Sötvatten;SRK;Motala ström;Östergötlands län;Söderköping;WA53357473;WA53357473;785775;2018-03-12;2018;3;12;0,50;0,50;Vattenkemi i vattendrag;;4;µg/l
Storåns Utl;34724;SE648415-153320;6482867;580140;6482867;580140;SWEREF 99 TM;Vattendrag;Sötvatten;SRK;Motala ström;Östergötlands län;Söderköping;WA53357473;WA53357473;785776;2018-04-12;2018;4;12;0,50;0,50;Vattenkemi i vattendrag;;3,4;µg/l
Storåns Utl;34724;SE648415-153320;6482867;580140;6482867;580140;SWEREF 99 TM;Vattendrag;Sötvatten;SRK;Motala ström;Östergötlands län;Söderköping;WA53357473;WA53357473;785777;2018-05-18;2018;5;18;0,50;0,50;Vattenkemi i vattendrag;;2,9;µg/l
Storåns Utl;34724;SE648415-153320;6482867;580140;6482867;580140;SWEREF 99 TM;Vattendrag;Sötvatten;SRK;Motala ström;Östergötlands län;Söderköping;WA53357473;WA53357473;785778;2018-06-18;2018;6;18;0,50;0,50;Vattenkemi i vattendrag;;3,7;µg/l
Storåns Utl;34724;SE648415-153320;6482867;580140;6482867;580140;SWEREF 99 TM;Vattendrag;Sötvatten;SRK;Motala ström;Östergötlands län;Söderköping;WA53357473;WA53357473;785779;2018-07-04;2018;7;4;0,50;0,50;Vattenkemi i vattendrag;;3,8;µg/l
Storåns Utl;34724;SE648415-153320;6482867;580140;6482867;580140;SWEREF 99 TM;Vattendrag;Sötvatten;SRK;Motala ström;Östergötlands län;Söderköping;WA53357473;WA53357473;785780;2018-08-21;2018;8;21;0,50;0,50;Vattenkemi i vattendrag;;4,5;µg/l
Storåns Utl;34724;SE648415-153320;6482867;580140;6482867;580140;SWEREF 99 TM;Vattendrag;Sötvatten;SRK;Motala ström;Östergötlands län;Söderköping;WA53357473;WA53357473;785781;2018-09-11;2018;9;11;0,50;0,50;Vattenkemi i vattendrag;;4,3;µg/l
Storåns Utl;34724;SE648415-153320;6482867;580140;6482867;580140;SWEREF 99 TM;Vattendrag;Sötvatten;SRK;Motala ström;Östergötlands län;Söderköping;WA53357473;WA53357473;785771;2018-10-24;2018;10;24;0,50;0,50;Vattenkemi i vattendrag;;3;µg/l
Storåns Utl;34724;SE648415-153320;6482867;580140;6482867;580140;SWEREF 99 TM;Vattendrag;Sötvatten;SRK;Motala ström;Östergötlands län;Söderköping;WA53357473;WA53357473;785772;2018-11-19;2018;11;19;0,50;0,50;Vattenkemi i vattendrag;;3;µg/l
Storåns Utl;34724;SE648415-153320;6482867;580140;6482867;580140;SWEREF 99 TM;Vattendrag;Sötvatten;SRK;Motala ström;Östergötlands län;Söderköping;WA53357473;WA53357473;785773;2018-12-19;2018;12;19;0,50;0,50;Vattenkemi i vattendrag;;2,7;µg/l
Byngarens Utlopp;34727;SE646272-154170;6461548;588893;6461548;588893;SWEREF 99 TM;Vattendrag;Sötvatten;SRK;Motala ström;Östergötlands län;Valdemarsvik;WA49690408;WA49690408;688011;2016-02-23;2016;2;23;0,50;0,50;Vattenkemi i vattendrag;;6,2;µg/l
Byngarens Utlopp;34727;SE646272-154170;6461548;588893;6461548;588893;SWEREF 99 TM;Vattendrag;Sötvatten;SRK;Motala ström;Östergötlands län;Valdemarsvik;WA49690408;WA49690408;688012;2016-04-05;2016;4;5;0,50;0,50;Vattenkemi i vattendrag;;6,5;µg/l
Byngarens Utlopp;34727;SE646272-154170;6461548;588893;6461548;588893;SWEREF 99 TM;Vattendrag;Sötvatten;SRK;Motala ström;Östergötlands län;Valdemarsvik;WA49690408;WA49690408;688013;2016-06-08;2016;6;8;0,50;0,50;Vattenkemi i vattendrag;;7,8;µg/l
Byngarens Utlopp;34727;SE646272-154170;6461548;588893;6461548;588893;SWEREF 99 TM;Vattendrag;Sötvatten;SRK;Motala ström;Östergötlands län;Valdemarsvik;WA49690408;WA49690408;688009;2016-08-09;2016;8;9;0,35;0,35;Vattenkemi i vattendrag;;5,3;µg/l
Byngarens Utlopp;34727;SE646272-154170;6461548;588893;6461548;588893;SWEREF 99 TM;Vattendrag;Sötvatten;SRK;Motala ström;Östergötlands län;Valdemarsvik;WA49690408;WA49690408;688008;2016-10-11;2016;10;11;0,30;0,30;Vattenkemi i vattendrag;;4,1;µg/l
Byngarens Utlopp;34727;SE646272-154170;6461548;588893;6461548;588893;SWEREF 99 TM;Vattendrag;Sötvatten;SRK;Motala ström;Östergötlands län;Valdemarsvik;WA49690408;WA49690408;688010;2016-12-06;2016;12;6;0,40;0,40;Vattenkemi i vattendrag;;5,3;µg/l
Byngarens Utlopp;34727;SE646272-154170;6461548;588893;6461548;588893;SWEREF 99 TM;Vattendrag;Sötvatten;SRK;Motala ström;Östergötlands län;Valdemarsvik;WA49690408;WA49690408;738705;2017-02-07;2017;2;7;0,50;0,50;Vattenkemi i vattendrag;;5,4;µg/l
Byngarens Utlopp;34727;SE646272-154170;6461548;588893;6461548;588893;SWEREF 99 TM;Vattendrag;Sötvatten;SRK;Motala ström;Östergötlands län;Valdemarsvik;WA49690408;WA49690408;738706;2017-04-06;2017;4;6;0,50;0,50;Vattenkemi i vattendrag;;6,2;µg/l
Byngarens Utlopp;34727;SE646272-154170;6461548;588893;6461548;588893;SWEREF 99 TM;Vattendrag;Sötvatten;SRK;Motala ström;Östergötlands län;Valdemarsvik;WA49690408;WA49690408;738707;2017-06-07;2017;6;7;0,50;0,50;Vattenkemi i vattendrag;;7,2;µg/l
Byngarens Utlopp;34727;SE646272-154170;6461548;588893;6461548;588893;SWEREF 99 TM;Vattendrag;Sötvatten;SRK;Motala ström;Östergötlands län;Valdemarsvik;WA49690408;WA49690408;738708;2017-08-07;2017;8;7;0,50;0,50;Vattenkemi i vattendrag;;4,5;µg/l
Byngarens Utlopp;34727;SE646272-154170;6461548;588893;6461548;588893;SWEREF 99 TM;Vattendrag;Sötvatten;SRK;Motala ström;Östergötlands län;Valdemarsvik;WA49690408;WA49690408;738703;2017-10-05;2017;10;5;0,50;0,50;Vattenkemi i vattendrag;;6,5;µg/l
Byngarens Utlopp;34727;SE646272-154170;6461548;588893;6461548;588893;SWEREF 99 TM;Vattendrag;Sötvatten;SRK;Motala ström;Östergötlands län;Valdemarsvik;WA49690408;WA49690408;738704;2017-12-18;2017;12;18;0,50;0,50;Vattenkemi i vattendrag;;5,5;µg/l
Byngarens Utlopp;34727;SE646272-154170;6461548;588893;6461548;588893;SWEREF 99 TM;Vattendrag;Sötvatten;SRK;Motala ström;Östergötlands län;Valdemarsvik;WA49690408;WA49690408;785797;2018-02-06;2018;2;6;0,50;0,50;Vattenkemi i vattendrag;;5;µg/l
Byngarens Utlopp;34727;SE646272-154170;6461548;588893;6461548;588893;SWEREF 99 TM;Vattendrag;Sötvatten;SRK;Motala ström;Östergötlands län;Valdemarsvik;WA49690408;WA49690408;785798;2018-04-13;2018;4;13;0,50;0,50;Vattenkemi i vattendrag;;5;µg/l
Byngarens Utlopp;34727;SE646272-154170;6461548;588893;6461548;588893;SWEREF 99 TM;Vattendrag;Sötvatten;SRK;Motala ström;Östergötlands län;Valdemarsvik;WA49690408;WA49690408;785799;2018-06-13;2018;6;13;0,50;0,50;Vattenkemi i vattendrag;;6,6;µg/l
Byngarens Utlopp;34727;SE646272-154170;6461548;588893;6461548;588893;SWEREF 99 TM;Vattendrag;Sötvatten;SRK;Motala ström;Östergötlands län;Valdemarsvik;WA49690408;WA49690408;785794;2018-08-22;2018;8;22;0,20;0,20;Vattenkemi i vattendrag;;4,8;µg/l
Byngarens Utlopp;34727;SE646272-154170;6461548;588893;6461548;588893;SWEREF 99 TM;Vattendrag;Sötvatten;SRK;Motala ström;Östergötlands län;Valdemarsvik;WA49690408;WA49690408;785795;2018-10-11;2018;10;11;0,40;0,40;Vattenkemi i vattendrag;;4,2;µg/l
Byngarens Utlopp;34727;SE646272-154170;6461548;588893;6461548;588893;SWEREF 99 TM;Vattendrag;Sötvatten;SRK;Motala ström;Östergötlands län;Valdemarsvik;WA49690408;WA49690408;785796;2018-12-05;2018;12;5;0,40;0,40;Vattenkemi i vattendrag;;3,8;µg/l
Tomtebybäcken;45418;SE628445-152249;6283131;571807;6283131;571807;SWEREF 99 TM;Vattendrag;Sötvatten;SRK;Ljungbyån;Kalmar län;Kalmar;;;766124;2018-02-13;2018;2;13;0,20;0,20;Vattenkemi i vattendrag;;3,5;µg/l
Tomtebybäcken;45418;SE628445-152249;6283131;571807;6283131;571807;SWEREF 99 TM;Vattendrag;Sötvatten;SRK;Ljungbyån;Kalmar län;Kalmar;;;766125;2018-04-16;2018;4;16;0,20;0,20;Vattenkemi i vattendrag;;2,8;µg/l
Tomtebybäcken;45418;SE628445-152249;6283131;571807;6283131;571807;SWEREF 99 TM;Vattendrag;Sötvatten;SRK;Ljungbyån;Kalmar län;Kalmar;;;766126;2018-08-16;2018;8;16;0,20;0,20;Vattenkemi i vattendrag;;1,7;µg/l
Tomtebybäcken;45418;SE628445-152249;6283131;571807;6283131;571807;SWEREF 99 TM;Vattendrag;Sötvatten;SRK;Ljungbyån;Kalmar län;Kalmar;;;766123;2018-12-11;2018;12;11;0,20;0,20;Vattenkemi i vattendrag;;1,7;µg/l
Tomtebybäcken;45418;SE628445-152249;6283131;571807;6283131;571807;SWEREF 99 TM;Vattendrag;Sötvatten;SRK;Ljungbyån;Kalmar län;Kalmar;;;822219;2019-02-14;2019;2;14;0,20;0,20;Vattenkemi i vattendrag;;4,4;µg/l
Tomtebybäcken;45418;SE628445-152249;6283131;571807;6283131;571807;SWEREF 99 TM;Vattendrag;Sötvatten;SRK;Ljungbyån;Kalmar län;Kalmar;;;822220;2019-04-16;2019;4;16;0,20;0,20;Vattenkemi i vattendrag;;1,2;µg/l
Tomtebybäcken;45418;SE628445-152249;6283131;571807;6283131;571807;SWEREF 99 TM;Vattendrag;Sötvatten;SRK;Ljungbyån;Kalmar län;Kalmar;;;822221;2019-06-18;2019;6;18;0,20;0,20;Vattenkemi i vattendrag;;1,2;µg/l
Tomtebybäcken;45418;SE628445-152249;6283131;571807;6283131;571807;SWEREF 99 TM;Vattendrag;Sötvatten;SRK;Ljungbyån;Kalmar län;Kalmar;;;822222;2019-08-19;2019;8;19;0,20;0,20;Vattenkemi i vattendrag;;1,3;µg/l
Tomtebybäcken;45418;SE628445-152249;6283131;571807;6283131;571807;SWEREF 99 TM;Vattendrag;Sötvatten;SRK;Ljungbyån;Kalmar län;Kalmar;;;822217;2019-10-10;2019;10;10;0,20;0,20;Vattenkemi i vattendrag;;1,3;µg/l
Tomtebybäcken;45418;SE628445-152249;6283131;571807;6283131;571807;SWEREF 99 TM;Vattendrag;Sötvatten;SRK;Ljungbyån;Kalmar län;Kalmar;;;822218;2019-12-16;2019;12;16;0,20;0,20;Vattenkemi i vattendrag;;5,3;µg/l